00000.TLM;file0.00000.tlm;None;51174
00001.TLM;file1.00001.tlm;None;51192
00002.TLM;file2.00002.tlm;None;51138
00003.TLM;file3.00003.tlm;None;39036
TLM_0;file4.tlm_0;None;0
TLM_1;file5.tlm_1;None;0
TLM_ADCS_01;file6.tlm_adcs_01;None;0
TLM_ADCS_01.TLM;file7.tlm;None;2163006
TLM_ADCS_02.TLM;file8.tlm;None;721806
TLM_ADCS_3.TLM;file9.tlm;None;1206
TLM_1/1_00000.TLM;file10.tlm;None;153586
TLM_1/1_00001.TLM;file11.tlm;None;111433
TLM_0/0_00000.TLM;file12.tlm;None;25546
TLM_0/0_00001.TLM;file13.tlm;None;25577
TLM_0/0_00002.TLM;file14.tlm;None;25561
TLM_0/0_00003.TLM;file15.tlm;None;25477
TLM_0/0_00004.TLM;file16.tlm;None;25599
TLM_0/0_00005.TLM;file17.tlm;None;25403
TLM_0/0_00006.TLM;file18.tlm;None;25577
TLM_0/0_00007.TLM;file19.tlm;None;25561
TLM_0/0_00008.TLM;file20.tlm;None;25477
TLM_0/0_00009.TLM;file21.tlm;None;25599
TLM_0/0_00010.TLM;file22.tlm;None;25403
TLM_0/0_00011.TLM;file23.tlm;None;25577
TLM_0/0_00012.TLM;file24.tlm;None;25561
TLM_0/0_00013.TLM;file25.tlm;None;25477
TLM_0/0_00014.TLM;file26.tlm;None;25506
TLM_0/0_00015.TLM;file27.tlm;None;25582
TLM_0/0_00016.TLM;file28.tlm;None;25561
TLM_0/0_00017.TLM;file29.tlm;None;25477
TLM_0/0_00018.TLM;file30.tlm;None;25599
TLM_0/0_00019.TLM;file31.tlm;None;25403
TLM_0/0_00020.TLM;file32.tlm;None;25577
TLM_0/0_00021.TLM;file33.tlm;None;25561
TLM_0/0_00022.TLM;file34.tlm;None;25524
TLM_0/0_00023.TLM;file35.tlm;None;25590
TLM_0/0_00024.TLM;file36.tlm;None;25599
TLM_0/0_00025.TLM;file37.tlm;None;25403
TLM_0/0_00026.TLM;file38.tlm;None;25577
TLM_0/0_00027.TLM;file39.tlm;None;25561
TLM_0/0_00028.TLM;file40.tlm;None;25477
TLM_0/0_00029.TLM;file41.tlm;None;25599
TLM_0/0_00030.TLM;file42.tlm;None;25403
TLM_0/0_00031.TLM;file43.tlm;None;25577
TLM_0/0_00032.TLM;file44.tlm;None;25561
TLM_0/0_00033.TLM;file45.tlm;None;25562
TLM_0/0_00034.TLM;file46.tlm;None;25576
TLM_0/0_00035.TLM;file47.tlm;None;25437
TLM_0/0_00036.TLM;file48.tlm;None;25575
TLM_0/0_00037.TLM;file49.tlm;None;25595
TLM_0/0_00038.TLM;file50.tlm;None;25437
TLM_0/0_00039.TLM;file51.tlm;None;25575
TLM_0/0_00040.TLM;file52.tlm;None;25595
TLM_0/0_00041.TLM;file53.tlm;None;25437
TLM_0/0_00042.TLM;file54.tlm;None;25575
TLM_0/0_00043.TLM;file55.tlm;None;25595
TLM_0/0_00044.TLM;file56.tlm;None;25437
TLM_0/0_00045.TLM;file57.tlm;None;25575
TLM_0/0_00046.TLM;file58.tlm;None;25595
TLM_0/0_00047.TLM;file59.tlm;None;25437
TLM_0/0_00048.TLM;file60.tlm;None;25575
TLM_0/0_00049.TLM;file61.tlm;None;25595
TLM_0/0_00050.TLM;file62.tlm;None;25437
TLM_0/0_00051.TLM;file63.tlm;None;25575
TLM_0/0_00052.TLM;file64.tlm;None;25585
TLM_0/0_00053.TLM;file65.tlm;None;25546
TLM_0/0_00054.TLM;file66.tlm;None;25577
TLM_0/0_00055.TLM;file67.tlm;None;25561
TLM_0/0_00056.TLM;file68.tlm;None;25477
TLM_0/0_00057.TLM;file69.tlm;None;25599
TLM_0/0_00058.TLM;file70.tlm;None;25403
TLM_0/0_00059.TLM;file71.tlm;None;25577
TLM_0/0_00060.TLM;file72.tlm;None;25472
TLM_0/0_00061.TLM;file73.tlm;None;25595
TLM_0/0_00062.TLM;file74.tlm;None;25437
TLM_0/0_00063.TLM;file75.tlm;None;25575
TLM_0/0_00064.TLM;file76.tlm;None;25595
TLM_0/0_00065.TLM;file77.tlm;None;25437
TLM_0/0_00066.TLM;file78.tlm;None;10381
TLM_0/0_00067.TLM;file79.tlm;None;25437
TLM_0/0_00068.TLM;file80.tlm;None;25548
TLM_0/0_00069.TLM;file81.tlm;None;25546
TLM_0/0_00070.TLM;file82.tlm;None;25577
TLM_0/0_00071.TLM;file83.tlm;None;25561
TLM_0/0_00072.TLM;file84.tlm;None;25477
TLM_0/0_00073.TLM;file85.tlm;None;25599
TLM_0/0_00074.TLM;file86.tlm;None;25403
TLM_0/0_00075.TLM;file87.tlm;None;25577
TLM_0/0_00076.TLM;file88.tlm;None;25561
TLM_0/0_00077.TLM;file89.tlm;None;25477
TLM_0/0_00078.TLM;file90.tlm;None;25599
TLM_0/0_00079.TLM;file91.tlm;None;25403
TLM_0/0_00080.TLM;file92.tlm;None;25577
TLM_0/0_00081.TLM;file93.tlm;None;25561
TLM_0/0_00082.TLM;file94.tlm;None;25477
TLM_0/0_00083.TLM;file95.tlm;None;25599
TLM_0/0_00084.TLM;file96.tlm;None;1810
TLM_0/0_00085.TLM;file97.tlm;None;17409
TLM_0/0_00086.TLM;file98.tlm;None;25546
TLM_0/0_00087.TLM;file99.tlm;None;25577
TLM_0/0_00088.TLM;file100.tlm;None;25561
TLM_0/0_00089.TLM;file101.tlm;None;25477
TLM_0/0_00090.TLM;file102.tlm;None;25599
TLM_0/0_00091.TLM;file103.tlm;None;25403
TLM_0/0_00092.TLM;file104.tlm;None;25577
TLM_0/0_00093.TLM;file105.tlm;None;25561
TLM_0/0_00094.TLM;file106.tlm;None;25477
TLM_0/0_00095.TLM;file107.tlm;None;25599
TLM_0/0_00096.TLM;file108.tlm;None;25403
TLM_0/0_00097.TLM;file109.tlm;None;25577
TLM_0/0_00098.TLM;file110.tlm;None;25561
TLM_0/0_00099.TLM;file111.tlm;None;25477
TLM_0/0_00100.TLM;file112.tlm;None;25599
TLM_0/0_00101.TLM;file113.tlm;None;25403
TLM_0/0_00102.TLM;file114.tlm;None;25577
TLM_0/0_00103.TLM;file115.tlm;None;25561
TLM_0/0_00104.TLM;file116.tlm;None;25477
TLM_0/0_00105.TLM;file117.tlm;None;24490
