Rename;padre-padre-filemanager-fidl;padre-obc;"{""oldPath"": ""file0.dat"", ""newPath"": ""PADRESP17_250410020624.DAT""}";;100;
Rename;padre-padre-filemanager-fidl;padre-obc;"{""oldPath"": ""file1.dat"", ""newPath"": ""PADRESP16_250410020625.DAT""}";;100;
Rename;padre-padre-filemanager-fidl;padre-obc;"{""oldPath"": ""file2.idx"", ""newPath"": ""PADRESP17_250410020624.IDX""}";;100;
Rename;padre-padre-filemanager-fidl;padre-obc;"{""oldPath"": ""file3.dat"", ""newPath"": ""PADRESP15_250410020629.DAT""}";;100;
Rename;padre-padre-filemanager-fidl;padre-obc;"{""oldPath"": ""file4.idx"", ""newPath"": ""PADRESP16_250410020625.IDX""}";;100;
Rename;padre-padre-filemanager-fidl;padre-obc;"{""oldPath"": ""file5.dat"", ""newPath"": ""PADRESP14_250410020633.DAT""}";;100;
Rename;padre-padre-filemanager-fidl;padre-obc;"{""oldPath"": ""file6.idx"", ""newPath"": ""PADRESP15_250410020629.IDX""}";;100;
Rename;padre-padre-filemanager-fidl;padre-obc;"{""oldPath"": ""file7.dat"", ""newPath"": ""PADRESP13_250410020656.DAT""}";;100;
Rename;padre-padre-filemanager-fidl;padre-obc;"{""oldPath"": ""file8.idx"", ""newPath"": ""PADRESP14_250410020633.IDX""}";;100;
Rename;padre-padre-filemanager-fidl;padre-obc;"{""oldPath"": ""file9.idx"", ""newPath"": ""PADRESP13_250410020656.IDX""}";;100;
