Rename;padre-padre-filemanager-fidl;padre-obc;"{""oldPath"": ""PADRESP17_250410020624.DAT"", ""newPath"": ""file-0.dat""}";;100;
Rename;padre-padre-filemanager-fidl;padre-obc;"{""oldPath"": ""PADRESP16_250410020625.DAT"", ""newPath"": ""file-1.dat""}";;100;
Rename;padre-padre-filemanager-fidl;padre-obc;"{""oldPath"": ""PADRESP17_250410020624.IDX"", ""newPath"": ""file-2.idx""}";;100;
Rename;padre-padre-filemanager-fidl;padre-obc;"{""oldPath"": ""PADRESP15_250410020629.DAT"", ""newPath"": ""file-3.dat""}";;100;
Rename;padre-padre-filemanager-fidl;padre-obc;"{""oldPath"": ""PADRESP16_250410020625.IDX"", ""newPath"": ""file-4.idx""}";;100;
Rename;padre-padre-filemanager-fidl;padre-obc;"{""oldPath"": ""PADRESP14_250410020633.DAT"", ""newPath"": ""file-5.dat""}";;100;
Rename;padre-padre-filemanager-fidl;padre-obc;"{""oldPath"": ""PADRESP15_250410020629.IDX"", ""newPath"": ""file-6.idx""}";;100;
Rename;padre-padre-filemanager-fidl;padre-obc;"{""oldPath"": ""PADRESP13_250410020656.DAT"", ""newPath"": ""file-7.dat""}";;100;
Rename;padre-padre-filemanager-fidl;padre-obc;"{""oldPath"": ""PADRESP14_250410020633.IDX"", ""newPath"": ""file-8.idx""}";;100;
Rename;padre-padre-filemanager-fidl;padre-obc;"{""oldPath"": ""PADRESP13_250410020656.IDX"", ""newPath"": ""file-9.idx""}";;100;
