Delete;padre-padre-filemanager-fidl;padre-obc;"{""Path"": ""file0.idx_""}";;50;
Delete;padre-padre-filemanager-fidl;padre-obc;"{""Path"": ""file1.dat_""}";;50;
Delete;padre-padre-filemanager-fidl;padre-obc;"{""Path"": ""file2.idx_""}";;50;
Delete;padre-padre-filemanager-fidl;padre-obc;"{""Path"": ""file3.dat_""}";;50;
Delete;padre-padre-filemanager-fidl;padre-obc;"{""Path"": ""file4.idx_""}";;50;
Delete;padre-padre-filemanager-fidl;padre-obc;"{""Path"": ""file5.dat_""}";;50;
Delete;padre-padre-filemanager-fidl;padre-obc;"{""Path"": ""file6.dat""}";;50;
Delete;padre-padre-filemanager-fidl;padre-obc;"{""Path"": ""file7.idx""}";;50;
Delete;padre-padre-filemanager-fidl;padre-obc;"{""Path"": ""file8.dat""}";;50;
Delete;padre-padre-filemanager-fidl;padre-obc;"{""Path"": ""file9.idx""}";;50;
Delete;padre-padre-filemanager-fidl;padre-obc;"{""Path"": ""file10.dat""}";;50;
Delete;padre-padre-filemanager-fidl;padre-obc;"{""Path"": ""file11.dat""}";;50;
Delete;padre-padre-filemanager-fidl;padre-obc;"{""Path"": ""file12.idx""}";;50;
Delete;padre-padre-filemanager-fidl;padre-obc;"{""Path"": ""file13.dat""}";;50;
Delete;padre-padre-filemanager-fidl;padre-obc;"{""Path"": ""file14.idx""}";;50;
Delete;padre-padre-filemanager-fidl;padre-obc;"{""Path"": ""file15.dat""}";;50;
Delete;padre-padre-filemanager-fidl;padre-obc;"{""Path"": ""file16.idx""}";;50;
Delete;padre-padre-filemanager-fidl;padre-obc;"{""Path"": ""file17.dat""}";;50;
Delete;padre-padre-filemanager-fidl;padre-obc;"{""Path"": ""file18.dat""}";;50;
Delete;padre-padre-filemanager-fidl;padre-obc;"{""Path"": ""file19.idx""}";;50;
Delete;padre-padre-filemanager-fidl;padre-obc;"{""Path"": ""file20.dat""}";;50;
Delete;padre-padre-filemanager-fidl;padre-obc;"{""Path"": ""file21.idx""}";;50;
Delete;padre-padre-filemanager-fidl;padre-obc;"{""Path"": ""file22.dat""}";;50;
Delete;padre-padre-filemanager-fidl;padre-obc;"{""Path"": ""file23.idx""}";;50;
Delete;padre-padre-filemanager-fidl;padre-obc;"{""Path"": ""file24.dat""}";;50;
Delete;padre-padre-filemanager-fidl;padre-obc;"{""Path"": ""file25.idx""}";;50;
Delete;padre-padre-filemanager-fidl;padre-obc;"{""Path"": ""file26.dat""}";;50;
Delete;padre-padre-filemanager-fidl;padre-obc;"{""Path"": ""file27.idx""}";;50;
Delete;padre-padre-filemanager-fidl;padre-obc;"{""Path"": ""file28.idx""}";;50;
Delete;padre-padre-filemanager-fidl;padre-obc;"{""Path"": ""file29.dat""}";;50;
Delete;padre-padre-filemanager-fidl;padre-obc;"{""Path"": ""file30.idx""}";;50;
Delete;padre-padre-filemanager-fidl;padre-obc;"{""Path"": ""file31.dat""}";;50;
Delete;padre-padre-filemanager-fidl;padre-obc;"{""Path"": ""file32.idx""}";;50;
Delete;padre-padre-filemanager-fidl;padre-obc;"{""Path"": ""file33.dat""}";;50;
Delete;padre-padre-filemanager-fidl;padre-obc;"{""Path"": ""file34.idx""}";;50;
Delete;padre-padre-filemanager-fidl;padre-obc;"{""Path"": ""file35.dat""}";;50;
Delete;padre-padre-filemanager-fidl;padre-obc;"{""Path"": ""file36.dat""}";;50;
Delete;padre-padre-filemanager-fidl;padre-obc;"{""Path"": ""file37.idx""}";;50;
Delete;padre-padre-filemanager-fidl;padre-obc;"{""Path"": ""file38.dat""}";;50;
Delete;padre-padre-filemanager-fidl;padre-obc;"{""Path"": ""file39.idx""}";;50;
Delete;padre-padre-filemanager-fidl;padre-obc;"{""Path"": ""file40.dat""}";;50;
Delete;padre-padre-filemanager-fidl;padre-obc;"{""Path"": ""file41.idx""}";;50;
Delete;padre-padre-filemanager-fidl;padre-obc;"{""Path"": ""file42.idx""}";;50;
Delete;padre-padre-filemanager-fidl;padre-obc;"{""Path"": ""file43.dat""}";;50;
Delete;padre-padre-filemanager-fidl;padre-obc;"{""Path"": ""file44.idx""}";;50;
Delete;padre-padre-filemanager-fidl;padre-obc;"{""Path"": ""file45.dat""}";;50;
Delete;padre-padre-filemanager-fidl;padre-obc;"{""Path"": ""file46.idx""}";;50;
Delete;padre-padre-filemanager-fidl;padre-obc;"{""Path"": ""file47.dat""}";;50;
Delete;padre-padre-filemanager-fidl;padre-obc;"{""Path"": ""file48.idx""}";;50;
Delete;padre-padre-filemanager-fidl;padre-obc;"{""Path"": ""file49.dat""}";;50;
Delete;padre-padre-filemanager-fidl;padre-obc;"{""Path"": ""file50.idx""}";;50;
Delete;padre-padre-filemanager-fidl;padre-obc;"{""Path"": ""file51.dat""}";;50;
Delete;padre-padre-filemanager-fidl;padre-obc;"{""Path"": ""file52.idx""}";;50;
Delete;padre-padre-filemanager-fidl;padre-obc;"{""Path"": ""file53.dat""}";;50;
Delete;padre-padre-filemanager-fidl;padre-obc;"{""Path"": ""file54.dat""}";;50;
Delete;padre-padre-filemanager-fidl;padre-obc;"{""Path"": ""file55.idx""}";;50;
Delete;padre-padre-filemanager-fidl;padre-obc;"{""Path"": ""file56.dat""}";;50;
Delete;padre-padre-filemanager-fidl;padre-obc;"{""Path"": ""file57.idx""}";;50;
Delete;padre-padre-filemanager-fidl;padre-obc;"{""Path"": ""file58.idx""}";;50;
Delete;padre-padre-filemanager-fidl;padre-obc;"{""Path"": ""file59.dat""}";;50;
Delete;padre-padre-filemanager-fidl;padre-obc;"{""Path"": ""file60.idx""}";;50;
Delete;padre-padre-filemanager-fidl;padre-obc;"{""Path"": ""file61.idx""}";;50;
Delete;padre-padre-filemanager-fidl;padre-obc;"{""Path"": ""file62.dat""}";;50;
Delete;padre-padre-filemanager-fidl;padre-obc;"{""Path"": ""file63.idx""}";;50;
Delete;padre-padre-filemanager-fidl;padre-obc;"{""Path"": ""file64.dat""}";;50;
Delete;padre-padre-filemanager-fidl;padre-obc;"{""Path"": ""file65.idx""}";;50;
Delete;padre-padre-filemanager-fidl;padre-obc;"{""Path"": ""file66.dat""}";;50;
Delete;padre-padre-filemanager-fidl;padre-obc;"{""Path"": ""file67.idx""}";;50;
Delete;padre-padre-filemanager-fidl;padre-obc;"{""Path"": ""file68.dat""}";;50;
Delete;padre-padre-filemanager-fidl;padre-obc;"{""Path"": ""file69.idx""}";;50;
Delete;padre-padre-filemanager-fidl;padre-obc;"{""Path"": ""file70.dat""}";;50;
Delete;padre-padre-filemanager-fidl;padre-obc;"{""Path"": ""file71.idx""}";;50;
Delete;padre-padre-filemanager-fidl;padre-obc;"{""Path"": ""file72.idx""}";;50;
Delete;padre-padre-filemanager-fidl;padre-obc;"{""Path"": ""file73.dat""}";;50;
Delete;padre-padre-filemanager-fidl;padre-obc;"{""Path"": ""file74.dat""}";;50;
Delete;padre-padre-filemanager-fidl;padre-obc;"{""Path"": ""file75.idx""}";;50;
Delete;padre-padre-filemanager-fidl;padre-obc;"{""Path"": ""file76.dat""}";;50;
Delete;padre-padre-filemanager-fidl;padre-obc;"{""Path"": ""file77.idx""}";;50;
Delete;padre-padre-filemanager-fidl;padre-obc;"{""Path"": ""file78.dat""}";;50;
Delete;padre-padre-filemanager-fidl;padre-obc;"{""Path"": ""file79.idx""}";;50;
Delete;padre-padre-filemanager-fidl;padre-obc;"{""Path"": ""file80.dat""}";;50;
Delete;padre-padre-filemanager-fidl;padre-obc;"{""Path"": ""file81.idx""}";;50;
Delete;padre-padre-filemanager-fidl;padre-obc;"{""Path"": ""file82.dat""}";;50;
Delete;padre-padre-filemanager-fidl;padre-obc;"{""Path"": ""file83.idx""}";;50;
Delete;padre-padre-filemanager-fidl;padre-obc;"{""Path"": ""file84.dat""}";;50;
Delete;padre-padre-filemanager-fidl;padre-obc;"{""Path"": ""file85.idx""}";;50;
Delete;padre-padre-filemanager-fidl;padre-obc;"{""Path"": ""file86.dat""}";;50;
Delete;padre-padre-filemanager-fidl;padre-obc;"{""Path"": ""file87.idx""}";;50;
Delete;padre-padre-filemanager-fidl;padre-obc;"{""Path"": ""file88.dat""}";;50;
Delete;padre-padre-filemanager-fidl;padre-obc;"{""Path"": ""file89.idx""}";;50;
Delete;padre-padre-filemanager-fidl;padre-obc;"{""Path"": ""file90.dat""}";;50;
Delete;padre-padre-filemanager-fidl;padre-obc;"{""Path"": ""file91.idx""}";;50;
Delete;padre-padre-filemanager-fidl;padre-obc;"{""Path"": ""file92.dat""}";;50;
Delete;padre-padre-filemanager-fidl;padre-obc;"{""Path"": ""file93.dat""}";;50;
Delete;padre-padre-filemanager-fidl;padre-obc;"{""Path"": ""file94.idx""}";;50;
Delete;padre-padre-filemanager-fidl;padre-obc;"{""Path"": ""file95.idx""}";;50;
Delete;padre-padre-filemanager-fidl;padre-obc;"{""Path"": ""file96.dat""}";;50;
Delete;padre-padre-filemanager-fidl;padre-obc;"{""Path"": ""file97.idx""}";;50;
Delete;padre-padre-filemanager-fidl;padre-obc;"{""Path"": ""file98.dat""}";;50;
Delete;padre-padre-filemanager-fidl;padre-obc;"{""Path"": ""file99.idx""}";;50;
Delete;padre-padre-filemanager-fidl;padre-obc;"{""Path"": ""file100.dat""}";;50;
Delete;padre-padre-filemanager-fidl;padre-obc;"{""Path"": ""file101.idx""}";;50;
Delete;padre-padre-filemanager-fidl;padre-obc;"{""Path"": ""file102.dat""}";;50;
Delete;padre-padre-filemanager-fidl;padre-obc;"{""Path"": ""file103.idx""}";;50;
Delete;padre-padre-filemanager-fidl;padre-obc;"{""Path"": ""file104.dat""}";;50;
Delete;padre-padre-filemanager-fidl;padre-obc;"{""Path"": ""file105.idx""}";;50;
Delete;padre-padre-filemanager-fidl;padre-obc;"{""Path"": ""file106.dat""}";;50;
Delete;padre-padre-filemanager-fidl;padre-obc;"{""Path"": ""file107.idx""}";;50;
Delete;padre-padre-filemanager-fidl;padre-obc;"{""Path"": ""file108.dat""}";;50;
Delete;padre-padre-filemanager-fidl;padre-obc;"{""Path"": ""file109.dat""}";;50;
Delete;padre-padre-filemanager-fidl;padre-obc;"{""Path"": ""file110.idx""}";;50;
Delete;padre-padre-filemanager-fidl;padre-obc;"{""Path"": ""file111.dat""}";;50;
Delete;padre-padre-filemanager-fidl;padre-obc;"{""Path"": ""file112.idx""}";;50;
Delete;padre-padre-filemanager-fidl;padre-obc;"{""Path"": ""file113.dat""}";;50;
Delete;padre-padre-filemanager-fidl;padre-obc;"{""Path"": ""file114.idx""}";;50;
Delete;padre-padre-filemanager-fidl;padre-obc;"{""Path"": ""file115.idx""}";;50;
Delete;padre-padre-filemanager-fidl;padre-obc;"{""Path"": ""file116.dat""}";;50;
Delete;padre-padre-filemanager-fidl;padre-obc;"{""Path"": ""file117.idx""}";;50;
Delete;padre-padre-filemanager-fidl;padre-obc;"{""Path"": ""file118.dat""}";;50;
Delete;padre-padre-filemanager-fidl;padre-obc;"{""Path"": ""file119.idx""}";;50;
Delete;padre-padre-filemanager-fidl;padre-obc;"{""Path"": ""file120.dat""}";;50;
Delete;padre-padre-filemanager-fidl;padre-obc;"{""Path"": ""file121.idx""}";;50;
Delete;padre-padre-filemanager-fidl;padre-obc;"{""Path"": ""file122.dat""}";;50;
Delete;padre-padre-filemanager-fidl;padre-obc;"{""Path"": ""file123.dat""}";;50;
Delete;padre-padre-filemanager-fidl;padre-obc;"{""Path"": ""file124.idx""}";;50;
Delete;padre-padre-filemanager-fidl;padre-obc;"{""Path"": ""file125.dat""}";;50;
Delete;padre-padre-filemanager-fidl;padre-obc;"{""Path"": ""file126.idx""}";;50;
Delete;padre-padre-filemanager-fidl;padre-obc;"{""Path"": ""file127.dat""}";;50;
Delete;padre-padre-filemanager-fidl;padre-obc;"{""Path"": ""file128.idx""}";;50;
Delete;padre-padre-filemanager-fidl;padre-obc;"{""Path"": ""file129.idx""}";;50;
Delete;padre-padre-filemanager-fidl;padre-obc;"{""Path"": ""file130.dat""}";;50;
Delete;padre-padre-filemanager-fidl;padre-obc;"{""Path"": ""file131.idx""}";;50;
Delete;padre-padre-filemanager-fidl;padre-obc;"{""Path"": ""file132.dat""}";;50;
Delete;padre-padre-filemanager-fidl;padre-obc;"{""Path"": ""file133.idx""}";;50;
Delete;padre-padre-filemanager-fidl;padre-obc;"{""Path"": ""file134.dat""}";;50;
Delete;padre-padre-filemanager-fidl;padre-obc;"{""Path"": ""file135.idx""}";;50;
Delete;padre-padre-filemanager-fidl;padre-obc;"{""Path"": ""file136.dat""}";;50;
Delete;padre-padre-filemanager-fidl;padre-obc;"{""Path"": ""file137.dat""}";;50;
Delete;padre-padre-filemanager-fidl;padre-obc;"{""Path"": ""file138.idx""}";;50;
Delete;padre-padre-filemanager-fidl;padre-obc;"{""Path"": ""file139.dat""}";;50;
Delete;padre-padre-filemanager-fidl;padre-obc;"{""Path"": ""file140.idx""}";;50;
Delete;padre-padre-filemanager-fidl;padre-obc;"{""Path"": ""file141.dat""}";;50;
Delete;padre-padre-filemanager-fidl;padre-obc;"{""Path"": ""file142.idx""}";;50;
Delete;padre-padre-filemanager-fidl;padre-obc;"{""Path"": ""file143.idx""}";;50;
Delete;padre-padre-filemanager-fidl;padre-obc;"{""Path"": ""file144.dat""}";;50;
Delete;padre-padre-filemanager-fidl;padre-obc;"{""Path"": ""file145.idx""}";;50;
Delete;padre-padre-filemanager-fidl;padre-obc;"{""Path"": ""file146.dat""}";;50;
Delete;padre-padre-filemanager-fidl;padre-obc;"{""Path"": ""file147.idx""}";;50;
Delete;padre-padre-filemanager-fidl;padre-obc;"{""Path"": ""file148.dat""}";;50;
Delete;padre-padre-filemanager-fidl;padre-obc;"{""Path"": ""file149.idx""}";;50;
Delete;padre-padre-filemanager-fidl;padre-obc;"{""Path"": ""file150.dat""}";;50;
Delete;padre-padre-filemanager-fidl;padre-obc;"{""Path"": ""file151.dat""}";;50;
Delete;padre-padre-filemanager-fidl;padre-obc;"{""Path"": ""file152.idx""}";;50;
Delete;padre-padre-filemanager-fidl;padre-obc;"{""Path"": ""file153.dat""}";;50;
Delete;padre-padre-filemanager-fidl;padre-obc;"{""Path"": ""file154.idx""}";;50;
Delete;padre-padre-filemanager-fidl;padre-obc;"{""Path"": ""file155.dat""}";;50;
Delete;padre-padre-filemanager-fidl;padre-obc;"{""Path"": ""file156.idx""}";;50;
Delete;padre-padre-filemanager-fidl;padre-obc;"{""Path"": ""file157.idx""}";;50;
Delete;padre-padre-filemanager-fidl;padre-obc;"{""Path"": ""file158.dat""}";;50;
Delete;padre-padre-filemanager-fidl;padre-obc;"{""Path"": ""file159.idx""}";;50;
Delete;padre-padre-filemanager-fidl;padre-obc;"{""Path"": ""file160.dat""}";;50;
Delete;padre-padre-filemanager-fidl;padre-obc;"{""Path"": ""file161.idx""}";;50;
Delete;padre-padre-filemanager-fidl;padre-obc;"{""Path"": ""file162.dat""}";;50;
Delete;padre-padre-filemanager-fidl;padre-obc;"{""Path"": ""file163.idx""}";;50;
Delete;padre-padre-filemanager-fidl;padre-obc;"{""Path"": ""file164.dat""}";;50;
Delete;padre-padre-filemanager-fidl;padre-obc;"{""Path"": ""file165.dat""}";;50;
Delete;padre-padre-filemanager-fidl;padre-obc;"{""Path"": ""file166.idx""}";;50;
Delete;padre-padre-filemanager-fidl;padre-obc;"{""Path"": ""file167.dat""}";;50;
Delete;padre-padre-filemanager-fidl;padre-obc;"{""Path"": ""file168.idx""}";;50;
Delete;padre-padre-filemanager-fidl;padre-obc;"{""Path"": ""file169.dat""}";;50;
Delete;padre-padre-filemanager-fidl;padre-obc;"{""Path"": ""file170.idx""}";;50;
Delete;padre-padre-filemanager-fidl;padre-obc;"{""Path"": ""file171.idx""}";;50;
Delete;padre-padre-filemanager-fidl;padre-obc;"{""Path"": ""file172.dat""}";;50;
Delete;padre-padre-filemanager-fidl;padre-obc;"{""Path"": ""file173.dat""}";;50;
Delete;padre-padre-filemanager-fidl;padre-obc;"{""Path"": ""file174.idx""}";;50;
Delete;padre-padre-filemanager-fidl;padre-obc;"{""Path"": ""file175.dat""}";;50;
Delete;padre-padre-filemanager-fidl;padre-obc;"{""Path"": ""file176.idx""}";;50;
Delete;padre-padre-filemanager-fidl;padre-obc;"{""Path"": ""file177.dat""}";;50;
Delete;padre-padre-filemanager-fidl;padre-obc;"{""Path"": ""file178.idx""}";;50;
Delete;padre-padre-filemanager-fidl;padre-obc;"{""Path"": ""file179.dat""}";;50;
Delete;padre-padre-filemanager-fidl;padre-obc;"{""Path"": ""file180.idx""}";;50;
Delete;padre-padre-filemanager-fidl;padre-obc;"{""Path"": ""file181.dat""}";;50;
Delete;padre-padre-filemanager-fidl;padre-obc;"{""Path"": ""file182.idx""}";;50;
Delete;padre-padre-filemanager-fidl;padre-obc;"{""Path"": ""file183.dat""}";;50;
Delete;padre-padre-filemanager-fidl;padre-obc;"{""Path"": ""file184.idx""}";;50;
Delete;padre-padre-filemanager-fidl;padre-obc;"{""Path"": ""file185.dat""}";;50;
Delete;padre-padre-filemanager-fidl;padre-obc;"{""Path"": ""file186.idx""}";;50;
Delete;padre-padre-filemanager-fidl;padre-obc;"{""Path"": ""file187.dat""}";;50;
Delete;padre-padre-filemanager-fidl;padre-obc;"{""Path"": ""file188.idx""}";;50;
Delete;padre-padre-filemanager-fidl;padre-obc;"{""Path"": ""file189.dat""}";;50;
Delete;padre-padre-filemanager-fidl;padre-obc;"{""Path"": ""file190.idx""}";;50;
Delete;padre-padre-filemanager-fidl;padre-obc;"{""Path"": ""file191.dat""}";;50;
Delete;padre-padre-filemanager-fidl;padre-obc;"{""Path"": ""file192.idx""}";;50;
Delete;padre-padre-filemanager-fidl;padre-obc;"{""Path"": ""file193.idx""}";;50;
Delete;padre-padre-filemanager-fidl;padre-obc;"{""Path"": ""file194.dat""}";;50;
Delete;padre-padre-filemanager-fidl;padre-obc;"{""Path"": ""file195.idx""}";;50;
Delete;padre-padre-filemanager-fidl;padre-obc;"{""Path"": ""file196.dat""}";;50;
Delete;padre-padre-filemanager-fidl;padre-obc;"{""Path"": ""file197.idx""}";;50;
Delete;padre-padre-filemanager-fidl;padre-obc;"{""Path"": ""file198.idx""}";;50;
Delete;padre-padre-filemanager-fidl;padre-obc;"{""Path"": ""file199.dat""}";;50;
Delete;padre-padre-filemanager-fidl;padre-obc;"{""Path"": ""file200.idx""}";;50;
Delete;padre-padre-filemanager-fidl;padre-obc;"{""Path"": ""file201.dat""}";;50;
Delete;padre-padre-filemanager-fidl;padre-obc;"{""Path"": ""file202.idx""}";;50;
Delete;padre-padre-filemanager-fidl;padre-obc;"{""Path"": ""file203.dat""}";;50;
Delete;padre-padre-filemanager-fidl;padre-obc;"{""Path"": ""file204.idx""}";;50;
Delete;padre-padre-filemanager-fidl;padre-obc;"{""Path"": ""file205.dat""}";;50;
Delete;padre-padre-filemanager-fidl;padre-obc;"{""Path"": ""file206.idx""}";;50;
Delete;padre-padre-filemanager-fidl;padre-obc;"{""Path"": ""file207.dat""}";;50;
Delete;padre-padre-filemanager-fidl;padre-obc;"{""Path"": ""file208.idx""}";;50;
Delete;padre-padre-filemanager-fidl;padre-obc;"{""Path"": ""file209.dat""}";;50;
Delete;padre-padre-filemanager-fidl;padre-obc;"{""Path"": ""file210.idx""}";;50;
Delete;padre-padre-filemanager-fidl;padre-obc;"{""Path"": ""file211.dat""}";;50;
Delete;padre-padre-filemanager-fidl;padre-obc;"{""Path"": ""file212.idx""}";;50;
Delete;padre-padre-filemanager-fidl;padre-obc;"{""Path"": ""file213.dat""}";;50;
Delete;padre-padre-filemanager-fidl;padre-obc;"{""Path"": ""file214.idx""}";;50;
Delete;padre-padre-filemanager-fidl;padre-obc;"{""Path"": ""file215.dat""}";;50;
Delete;padre-padre-filemanager-fidl;padre-obc;"{""Path"": ""file216.idx""}";;50;
Delete;padre-padre-filemanager-fidl;padre-obc;"{""Path"": ""file217.dat""}";;50;
Delete;padre-padre-filemanager-fidl;padre-obc;"{""Path"": ""file218.idx""}";;50;
Delete;padre-padre-filemanager-fidl;padre-obc;"{""Path"": ""file219.dat""}";;50;
Delete;padre-padre-filemanager-fidl;padre-obc;"{""Path"": ""file220.idx""}";;50;
Delete;padre-padre-filemanager-fidl;padre-obc;"{""Path"": ""file221.dat""}";;50;
Delete;padre-padre-filemanager-fidl;padre-obc;"{""Path"": ""file222.idx""}";;50;
Delete;padre-padre-filemanager-fidl;padre-obc;"{""Path"": ""file223.idx""}";;50;
Delete;padre-padre-filemanager-fidl;padre-obc;"{""Path"": ""file224.dat""}";;50;
Delete;padre-padre-filemanager-fidl;padre-obc;"{""Path"": ""file225.idx""}";;50;
Delete;padre-padre-filemanager-fidl;padre-obc;"{""Path"": ""file226.dat""}";;50;
Delete;padre-padre-filemanager-fidl;padre-obc;"{""Path"": ""file227.idx""}";;50;
Delete;padre-padre-filemanager-fidl;padre-obc;"{""Path"": ""file228.dat""}";;50;
Delete;padre-padre-filemanager-fidl;padre-obc;"{""Path"": ""file229.idx""}";;50;
Delete;padre-padre-filemanager-fidl;padre-obc;"{""Path"": ""file230.dat""}";;50;
Delete;padre-padre-filemanager-fidl;padre-obc;"{""Path"": ""file231.idx""}";;50;
Delete;padre-padre-filemanager-fidl;padre-obc;"{""Path"": ""file232.dat""}";;50;
Delete;padre-padre-filemanager-fidl;padre-obc;"{""Path"": ""file233.idx""}";;50;
Delete;padre-padre-filemanager-fidl;padre-obc;"{""Path"": ""file234.dat""}";;50;
Delete;padre-padre-filemanager-fidl;padre-obc;"{""Path"": ""file235.idx""}";;50;
Delete;padre-padre-filemanager-fidl;padre-obc;"{""Path"": ""file236.dat""}";;50;
Delete;padre-padre-filemanager-fidl;padre-obc;"{""Path"": ""file237.idx""}";;50;
Delete;padre-padre-filemanager-fidl;padre-obc;"{""Path"": ""file238.idx""}";;50;
Delete;padre-padre-filemanager-fidl;padre-obc;"{""Path"": ""file239.dat""}";;50;
Delete;padre-padre-filemanager-fidl;padre-obc;"{""Path"": ""file240.idx""}";;50;
Delete;padre-padre-filemanager-fidl;padre-obc;"{""Path"": ""file241.dat""}";;50;
Delete;padre-padre-filemanager-fidl;padre-obc;"{""Path"": ""file242.idx""}";;50;
Delete;padre-padre-filemanager-fidl;padre-obc;"{""Path"": ""file243.dat""}";;50;
Delete;padre-padre-filemanager-fidl;padre-obc;"{""Path"": ""file244.idx""}";;50;
Delete;padre-padre-filemanager-fidl;padre-obc;"{""Path"": ""file245.dat""}";;50;
Delete;padre-padre-filemanager-fidl;padre-obc;"{""Path"": ""file246.idx""}";;50;
Delete;padre-padre-filemanager-fidl;padre-obc;"{""Path"": ""file247.dat""}";;50;
Delete;padre-padre-filemanager-fidl;padre-obc;"{""Path"": ""file248.idx""}";;50;
Delete;padre-padre-filemanager-fidl;padre-obc;"{""Path"": ""file249.dat""}";;50;
Delete;padre-padre-filemanager-fidl;padre-obc;"{""Path"": ""file250.idx""}";;50;
Delete;padre-padre-filemanager-fidl;padre-obc;"{""Path"": ""file251.dat""}";;50;
Delete;padre-padre-filemanager-fidl;padre-obc;"{""Path"": ""file252.idx""}";;50;
Delete;padre-padre-filemanager-fidl;padre-obc;"{""Path"": ""file253.idx""}";;50;
Delete;padre-padre-filemanager-fidl;padre-obc;"{""Path"": ""file254.dat""}";;50;
Delete;padre-padre-filemanager-fidl;padre-obc;"{""Path"": ""file255.idx""}";;50;
Delete;padre-padre-filemanager-fidl;padre-obc;"{""Path"": ""file256.idx""}";;50;
Delete;padre-padre-filemanager-fidl;padre-obc;"{""Path"": ""file257.dat""}";;50;
Delete;padre-padre-filemanager-fidl;padre-obc;"{""Path"": ""file258.idx""}";;50;
Delete;padre-padre-filemanager-fidl;padre-obc;"{""Path"": ""file259.dat""}";;50;
Delete;padre-padre-filemanager-fidl;padre-obc;"{""Path"": ""file260.idx""}";;50;
Delete;padre-padre-filemanager-fidl;padre-obc;"{""Path"": ""file261.dat""}";;50;
Delete;padre-padre-filemanager-fidl;padre-obc;"{""Path"": ""file262.idx""}";;50;
Delete;padre-padre-filemanager-fidl;padre-obc;"{""Path"": ""file263.idx""}";;50;
Delete;padre-padre-filemanager-fidl;padre-obc;"{""Path"": ""file264.dat""}";;50;
Delete;padre-padre-filemanager-fidl;padre-obc;"{""Path"": ""file265.idx""}";;50;
Delete;padre-padre-filemanager-fidl;padre-obc;"{""Path"": ""file266.dat""}";;50;
Delete;padre-padre-filemanager-fidl;padre-obc;"{""Path"": ""file267.idx""}";;50;
Delete;padre-padre-filemanager-fidl;padre-obc;"{""Path"": ""file268.dat""}";;50;
Delete;padre-padre-filemanager-fidl;padre-obc;"{""Path"": ""file269.idx""}";;50;
Delete;padre-padre-filemanager-fidl;padre-obc;"{""Path"": ""file270.idx""}";;50;
Delete;padre-padre-filemanager-fidl;padre-obc;"{""Path"": ""file271.dat""}";;50;
Delete;padre-padre-filemanager-fidl;padre-obc;"{""Path"": ""file272.idx""}";;50;
Delete;padre-padre-filemanager-fidl;padre-obc;"{""Path"": ""file273.dat""}";;50;
Delete;padre-padre-filemanager-fidl;padre-obc;"{""Path"": ""file274.idx""}";;50;
Delete;padre-padre-filemanager-fidl;padre-obc;"{""Path"": ""file275.dat""}";;50;
Delete;padre-padre-filemanager-fidl;padre-obc;"{""Path"": ""file276.idx""}";;50;
Delete;padre-padre-filemanager-fidl;padre-obc;"{""Path"": ""file277.idx""}";;50;
Delete;padre-padre-filemanager-fidl;padre-obc;"{""Path"": ""file278.idx""}";;50;
Delete;padre-padre-filemanager-fidl;padre-obc;"{""Path"": ""file279.idx""}";;50;
Delete;padre-padre-filemanager-fidl;padre-obc;"{""Path"": ""file280.idx""}";;50;
Delete;padre-padre-filemanager-fidl;padre-obc;"{""Path"": ""file281.dat""}";;50;
Delete;padre-padre-filemanager-fidl;padre-obc;"{""Path"": ""file282.idx""}";;50;
Delete;padre-padre-filemanager-fidl;padre-obc;"{""Path"": ""file283.idx""}";;50;
Delete;padre-padre-filemanager-fidl;padre-obc;"{""Path"": ""file284.idx""}";;50;
Delete;padre-padre-filemanager-fidl;padre-obc;"{""Path"": ""file285.idx""}";;50;
Delete;padre-padre-filemanager-fidl;padre-obc;"{""Path"": ""file286.dat""}";;50;
Delete;padre-padre-filemanager-fidl;padre-obc;"{""Path"": ""file287.idx""}";;50;
Delete;padre-padre-filemanager-fidl;padre-obc;"{""Path"": ""file288.dat""}";;50;
Delete;padre-padre-filemanager-fidl;padre-obc;"{""Path"": ""file289.idx""}";;50;
Delete;padre-padre-filemanager-fidl;padre-obc;"{""Path"": ""file290.dat""}";;50;
Delete;padre-padre-filemanager-fidl;padre-obc;"{""Path"": ""file291.idx""}";;50;
Delete;padre-padre-filemanager-fidl;padre-obc;"{""Path"": ""file292.idx""}";;50;
Delete;padre-padre-filemanager-fidl;padre-obc;"{""Path"": ""file293.idx""}";;50;
Delete;padre-padre-filemanager-fidl;padre-obc;"{""Path"": ""file294.idx""}";;50;
Delete;padre-padre-filemanager-fidl;padre-obc;"{""Path"": ""file295.idx""}";;50;
Delete;padre-padre-filemanager-fidl;padre-obc;"{""Path"": ""file296.dat""}";;50;
Delete;padre-padre-filemanager-fidl;padre-obc;"{""Path"": ""file297.dat""}";;50;
Delete;padre-padre-filemanager-fidl;padre-obc;"{""Path"": ""file298.idx""}";;50;
Delete;padre-padre-filemanager-fidl;padre-obc;"{""Path"": ""file299.dat""}";;50;
Delete;padre-padre-filemanager-fidl;padre-obc;"{""Path"": ""file300.idx""}";;50;
Delete;padre-padre-filemanager-fidl;padre-obc;"{""Path"": ""file301.dat""}";;50;
Delete;padre-padre-filemanager-fidl;padre-obc;"{""Path"": ""file302.idx""}";;50;
Delete;padre-padre-filemanager-fidl;padre-obc;"{""Path"": ""file303.idx""}";;50;
Delete;padre-padre-filemanager-fidl;padre-obc;"{""Path"": ""file304.idx""}";;50;
Delete;padre-padre-filemanager-fidl;padre-obc;"{""Path"": ""file305.dat""}";;50;
Delete;padre-padre-filemanager-fidl;padre-obc;"{""Path"": ""file306.idx""}";;50;
Delete;padre-padre-filemanager-fidl;padre-obc;"{""Path"": ""file307.dat""}";;50;
Delete;padre-padre-filemanager-fidl;padre-obc;"{""Path"": ""file308.idx""}";;50;
Delete;padre-padre-filemanager-fidl;padre-obc;"{""Path"": ""file309.dat""}";;50;
Delete;padre-padre-filemanager-fidl;padre-obc;"{""Path"": ""file310.idx""}";;50;
Delete;padre-padre-filemanager-fidl;padre-obc;"{""Path"": ""file311.dat""}";;50;
Delete;padre-padre-filemanager-fidl;padre-obc;"{""Path"": ""file312.idx""}";;50;
Delete;padre-padre-filemanager-fidl;padre-obc;"{""Path"": ""file313.dat""}";;50;
Delete;padre-padre-filemanager-fidl;padre-obc;"{""Path"": ""file314.idx""}";;50;
Delete;padre-padre-filemanager-fidl;padre-obc;"{""Path"": ""file315.dat""}";;50;
Delete;padre-padre-filemanager-fidl;padre-obc;"{""Path"": ""file316.idx""}";;50;
Delete;padre-padre-filemanager-fidl;padre-obc;"{""Path"": ""file317.dat""}";;50;
Delete;padre-padre-filemanager-fidl;padre-obc;"{""Path"": ""file318.idx""}";;50;
Delete;padre-padre-filemanager-fidl;padre-obc;"{""Path"": ""file319.dat""}";;50;
Delete;padre-padre-filemanager-fidl;padre-obc;"{""Path"": ""file320.idx""}";;50;
Delete;padre-padre-filemanager-fidl;padre-obc;"{""Path"": ""file321.idx""}";;50;
Delete;padre-padre-filemanager-fidl;padre-obc;"{""Path"": ""file322.dat""}";;50;
Delete;padre-padre-filemanager-fidl;padre-obc;"{""Path"": ""file323.idx""}";;50;
Delete;padre-padre-filemanager-fidl;padre-obc;"{""Path"": ""file324.dat""}";;50;
Delete;padre-padre-filemanager-fidl;padre-obc;"{""Path"": ""file325.idx""}";;50;
Delete;padre-padre-filemanager-fidl;padre-obc;"{""Path"": ""file326.idx""}";;50;
Delete;padre-padre-filemanager-fidl;padre-obc;"{""Path"": ""file327.dat""}";;50;
Delete;padre-padre-filemanager-fidl;padre-obc;"{""Path"": ""file328.idx""}";;50;
Delete;padre-padre-filemanager-fidl;padre-obc;"{""Path"": ""file329.dat""}";;50;
Delete;padre-padre-filemanager-fidl;padre-obc;"{""Path"": ""file330.idx""}";;50;
Delete;padre-padre-filemanager-fidl;padre-obc;"{""Path"": ""file331.dat""}";;50;
Delete;padre-padre-filemanager-fidl;padre-obc;"{""Path"": ""file332.dat""}";;50;
Delete;padre-padre-filemanager-fidl;padre-obc;"{""Path"": ""file333.idx""}";;50;
Delete;padre-padre-filemanager-fidl;padre-obc;"{""Path"": ""file334.idx""}";;50;
Delete;padre-padre-filemanager-fidl;padre-obc;"{""Path"": ""file335.dat""}";;50;
Delete;padre-padre-filemanager-fidl;padre-obc;"{""Path"": ""file336.idx""}";;50;
Delete;padre-padre-filemanager-fidl;padre-obc;"{""Path"": ""file337.dat""}";;50;
Delete;padre-padre-filemanager-fidl;padre-obc;"{""Path"": ""file338.dat""}";;50;
Delete;padre-padre-filemanager-fidl;padre-obc;"{""Path"": ""file339.idx""}";;50;
Delete;padre-padre-filemanager-fidl;padre-obc;"{""Path"": ""file340.idx""}";;50;
Delete;padre-padre-filemanager-fidl;padre-obc;"{""Path"": ""file341.idx""}";;50;
Delete;padre-padre-filemanager-fidl;padre-obc;"{""Path"": ""file342.dat""}";;50;
Delete;padre-padre-filemanager-fidl;padre-obc;"{""Path"": ""file343.dat""}";;50;
Delete;padre-padre-filemanager-fidl;padre-obc;"{""Path"": ""file344.dat""}";;50;
Delete;padre-padre-filemanager-fidl;padre-obc;"{""Path"": ""file345.dat""}";;50;
Delete;padre-padre-filemanager-fidl;padre-obc;"{""Path"": ""file346.idx""}";;50;
Delete;padre-padre-filemanager-fidl;padre-obc;"{""Path"": ""file347.idx""}";;50;
Delete;padre-padre-filemanager-fidl;padre-obc;"{""Path"": ""file348.dat""}";;50;
Delete;padre-padre-filemanager-fidl;padre-obc;"{""Path"": ""file349.idx""}";;50;
Delete;padre-padre-filemanager-fidl;padre-obc;"{""Path"": ""file350.idx""}";;50;
