cmd,type,data
0x60,W,"file0.dat"
0x60,W,"file1.idx"
0x60,W,"file2.dat"
0x60,W,"file3.idx_"
0x60,W,"file4.dat"
0x60,W,"file5.dat"
0x60,W,"file6.idx"
0x60,W,"file7.idx_"
0x60,W,"file8.dat_"
0x60,W,"file9.dat_"
0x60,W,"file10.dat"
0x60,W,"file11.dat"
0x60,W,"file12.idx_"
0x60,W,"file13.dat_"
0x60,W,"file14.dat_"
0x60,W,"file15.idx"
0x60,W,"file16.dat"
0x60,W,"file17.idx"
0x60,W,"file18.dat"
0x60,W,"file19.idx"
0x60,W,"file20.idx_"
0x60,W,"file21.idx"
0x60,W,"file22.dat"
0x60,W,"file23.idx"
0x60,W,"file24.dat"
0x60,W,"file25.idx"
0x60,W,"file26.dat_"
0x60,W,"file27.idx"
0x60,W,"file28.dat_"
0x60,W,"file29.dat"
0x60,W,"file30.dat"
0x60,W,"file31.dat"
0x60,W,"file32.dat"
0x60,W,"file33.idx_"
0x60,W,"file34.dat_"
0x60,W,"file35.idx_"
0x60,W,"file36.dat_"
0x60,W,"file37.dat"
0x60,W,"file38.idx_"
0x60,W,"file39.dat_"
0x60,W,"file40.dat_"
0x60,W,"file41.idx_"
0x60,W,"file42.dat_"
0x60,W,"file43.idx_"
0x60,W,"file44.dat_"
0x60,W,"file45.idx"
0x60,W,"file46.dat"
0x60,W,"file47.idx"
0x60,W,"file48.dat"
0x60,W,"file49.idx"
0x60,W,"file50.dat"
0x60,W,"file51.idx"
0x60,W,"file52.dat"
0x60,W,"file53.idx"
0x60,W,"file54.dat"
0x60,W,"file55.idx"
0x60,W,"file56.dat"
0x60,W,"file57.idx"
0x60,W,"file58.dat"
0x60,W,"file59.idx"
0x60,W,"file60.dat"
0x60,W,"file61.idx"
0x60,W,"file62.dat"
0x60,W,"file63.idx"
0x60,W,"file64.dat"
0x60,W,"file65.idx"
0x60,W,"file66.dat"
0x60,W,"file67.idx"
0x60,W,"file68.dat"
0x60,W,"file69.idx"
0x60,W,"file70.dat"
0x60,W,"file71.idx"
0x60,W,"file72.dat"
0x60,W,"file73.idx"
0x60,W,"file74.dat"
0x60,W,"file75.idx"
0x60,W,"file76.dat"
0x60,W,"file77.idx"
0x60,W,"file78.dat"
0x60,W,"file79.idx"
0x60,W,"file80.dat"
0x60,W,"file81.idx"
0x60,W,"file82.dat"
0x60,W,"file83.idx"
0x60,W,"file84.dat"
0x60,W,"file85.idx"
0x60,W,"file86.dat"
0x60,W,"file87.idx"
0x60,W,"file88.dat"
0x60,W,"file89.idx"
0x60,W,"file90.dat"
0x60,W,"file91.idx"
0x60,W,"file92.dat"
0x60,W,"file93.idx"
0x60,W,"file94.dat"
0x60,W,"file95.idx"
0x60,W,"file96.dat"
0x60,W,"file97.idx"
0x60,W,"file98.dat"
0x60,W,"file99.idx"
0x60,W,"file100.dat"
0x60,W,"file101.idx"
0x60,W,"file102.dat"
0x60,W,"file103.idx"
0x60,W,"file104.dat"
0x60,W,"file105.idx"
0x60,W,"file106.dat"
0x60,W,"file107.idx"
0x60,W,"file108.dat"
0x60,W,"file109.idx"
0x60,W,"file110.dat"
0x60,W,"file111.idx"
0x60,W,"file112.dat"
0x60,W,"file113.idx"
0x60,W,"file114.dat"
0x60,W,"file115.idx"
0x60,W,"file116.dat"
0x60,W,"file117.idx"
0x60,W,"file118.dat_"
0x60,W,"file119.idx"
0x60,W,"file120.dat"
0x60,W,"file121.idx"
0x60,W,"file122.dat"
0x60,W,"file123.idx"
0x60,W,"file124.dat"
0x60,W,"file125.idx"
0x60,W,"file126.idx_"
0x60,W,"file127.idx"
0x60,W,"file128.dat"
0x60,W,"file129.idx"
0x60,W,"file130.dat"
0x60,W,"file131.idx"
0x60,W,"file132.dat"
0x60,W,"file133.idx"
0x60,W,"file134.dat"
0x60,W,"file135.idx"
0x60,W,"file136.dat"
0x60,W,"file137.idx"
0x60,W,"file138.idx_"
0x60,W,"file139.idx"
0x60,W,"file140.dat_"
0x60,W,"file141.idx"
0x60,W,"file142.dat_"
0x31,W,
