Download file0.dat;padre-file-manager-commands;padre-obc;"{""type"": ""obcDownload"", ""fileName"": ""file0.dat"", ""offset"": 0,""volId"":0}";;150;
Download file1.idx;padre-file-manager-commands;padre-obc;"{""type"": ""obcDownload"", ""fileName"": ""file1.idx"", ""offset"": 0,""volId"":0}";;150;
Download file2.dat;padre-file-manager-commands;padre-obc;"{""type"": ""obcDownload"", ""fileName"": ""file2.dat"", ""offset"": 0,""volId"":0}";;150;
Download file3.idx_;padre-file-manager-commands;padre-obc;"{""type"": ""obcDownload"", ""fileName"": ""file3.idx_"", ""offset"": 0,""volId"":0}";;150;
Download file4.dat;padre-file-manager-commands;padre-obc;"{""type"": ""obcDownload"", ""fileName"": ""file4.dat"", ""offset"": 0,""volId"":0}";;150;
Download file5.dat;padre-file-manager-commands;padre-obc;"{""type"": ""obcDownload"", ""fileName"": ""file5.dat"", ""offset"": 0,""volId"":0}";;150;
Download file6.idx;padre-file-manager-commands;padre-obc;"{""type"": ""obcDownload"", ""fileName"": ""file6.idx"", ""offset"": 0,""volId"":0}";;150;
Download file7.idx_;padre-file-manager-commands;padre-obc;"{""type"": ""obcDownload"", ""fileName"": ""file7.idx_"", ""offset"": 0,""volId"":0}";;150;
Download file8.dat_;padre-file-manager-commands;padre-obc;"{""type"": ""obcDownload"", ""fileName"": ""file8.dat_"", ""offset"": 0,""volId"":0}";;150;
Download file9.dat_;padre-file-manager-commands;padre-obc;"{""type"": ""obcDownload"", ""fileName"": ""file9.dat_"", ""offset"": 0,""volId"":0}";;150;
Download file10.dat;padre-file-manager-commands;padre-obc;"{""type"": ""obcDownload"", ""fileName"": ""file10.dat"", ""offset"": 0,""volId"":0}";;150;
Download file11.dat;padre-file-manager-commands;padre-obc;"{""type"": ""obcDownload"", ""fileName"": ""file11.dat"", ""offset"": 0,""volId"":0}";;150;
Download file12.idx_;padre-file-manager-commands;padre-obc;"{""type"": ""obcDownload"", ""fileName"": ""file12.idx_"", ""offset"": 0,""volId"":0}";;150;
Download file13.dat_;padre-file-manager-commands;padre-obc;"{""type"": ""obcDownload"", ""fileName"": ""file13.dat_"", ""offset"": 0,""volId"":0}";;150;
Download file14.dat_;padre-file-manager-commands;padre-obc;"{""type"": ""obcDownload"", ""fileName"": ""file14.dat_"", ""offset"": 0,""volId"":0}";;150;
Download file15.idx;padre-file-manager-commands;padre-obc;"{""type"": ""obcDownload"", ""fileName"": ""file15.idx"", ""offset"": 0,""volId"":0}";;150;
Download file16.dat;padre-file-manager-commands;padre-obc;"{""type"": ""obcDownload"", ""fileName"": ""file16.dat"", ""offset"": 0,""volId"":0}";;150;
Download file17.idx;padre-file-manager-commands;padre-obc;"{""type"": ""obcDownload"", ""fileName"": ""file17.idx"", ""offset"": 0,""volId"":0}";;150;
Download file18.dat;padre-file-manager-commands;padre-obc;"{""type"": ""obcDownload"", ""fileName"": ""file18.dat"", ""offset"": 0,""volId"":0}";;150;
Download file19.idx;padre-file-manager-commands;padre-obc;"{""type"": ""obcDownload"", ""fileName"": ""file19.idx"", ""offset"": 0,""volId"":0}";;150;
Download file20.idx_;padre-file-manager-commands;padre-obc;"{""type"": ""obcDownload"", ""fileName"": ""file20.idx_"", ""offset"": 0,""volId"":0}";;150;
Download file21.idx;padre-file-manager-commands;padre-obc;"{""type"": ""obcDownload"", ""fileName"": ""file21.idx"", ""offset"": 0,""volId"":0}";;150;
Download file22.dat;padre-file-manager-commands;padre-obc;"{""type"": ""obcDownload"", ""fileName"": ""file22.dat"", ""offset"": 0,""volId"":0}";;150;
Download file23.idx;padre-file-manager-commands;padre-obc;"{""type"": ""obcDownload"", ""fileName"": ""file23.idx"", ""offset"": 0,""volId"":0}";;150;
Download file24.dat;padre-file-manager-commands;padre-obc;"{""type"": ""obcDownload"", ""fileName"": ""file24.dat"", ""offset"": 0,""volId"":0}";;150;
Download file25.idx;padre-file-manager-commands;padre-obc;"{""type"": ""obcDownload"", ""fileName"": ""file25.idx"", ""offset"": 0,""volId"":0}";;150;
Download file26.dat_;padre-file-manager-commands;padre-obc;"{""type"": ""obcDownload"", ""fileName"": ""file26.dat_"", ""offset"": 0,""volId"":0}";;150;
Download file27.idx;padre-file-manager-commands;padre-obc;"{""type"": ""obcDownload"", ""fileName"": ""file27.idx"", ""offset"": 0,""volId"":0}";;150;
Download file28.dat_;padre-file-manager-commands;padre-obc;"{""type"": ""obcDownload"", ""fileName"": ""file28.dat_"", ""offset"": 0,""volId"":0}";;150;
Download file29.dat;padre-file-manager-commands;padre-obc;"{""type"": ""obcDownload"", ""fileName"": ""file29.dat"", ""offset"": 0,""volId"":0}";;150;
Download file30.dat;padre-file-manager-commands;padre-obc;"{""type"": ""obcDownload"", ""fileName"": ""file30.dat"", ""offset"": 0,""volId"":0}";;150;
Download file31.dat;padre-file-manager-commands;padre-obc;"{""type"": ""obcDownload"", ""fileName"": ""file31.dat"", ""offset"": 0,""volId"":0}";;150;
Download file32.dat;padre-file-manager-commands;padre-obc;"{""type"": ""obcDownload"", ""fileName"": ""file32.dat"", ""offset"": 0,""volId"":0}";;150;
Download file33.idx_;padre-file-manager-commands;padre-obc;"{""type"": ""obcDownload"", ""fileName"": ""file33.idx_"", ""offset"": 0,""volId"":0}";;150;
Download file34.dat_;padre-file-manager-commands;padre-obc;"{""type"": ""obcDownload"", ""fileName"": ""file34.dat_"", ""offset"": 0,""volId"":0}";;150;
Download file35.idx_;padre-file-manager-commands;padre-obc;"{""type"": ""obcDownload"", ""fileName"": ""file35.idx_"", ""offset"": 0,""volId"":0}";;150;
Download file36.dat_;padre-file-manager-commands;padre-obc;"{""type"": ""obcDownload"", ""fileName"": ""file36.dat_"", ""offset"": 0,""volId"":0}";;150;
Download file37.dat;padre-file-manager-commands;padre-obc;"{""type"": ""obcDownload"", ""fileName"": ""file37.dat"", ""offset"": 0,""volId"":0}";;150;
Download file38.idx_;padre-file-manager-commands;padre-obc;"{""type"": ""obcDownload"", ""fileName"": ""file38.idx_"", ""offset"": 0,""volId"":0}";;150;
Download file39.dat_;padre-file-manager-commands;padre-obc;"{""type"": ""obcDownload"", ""fileName"": ""file39.dat_"", ""offset"": 0,""volId"":0}";;150;
Download file40.dat_;padre-file-manager-commands;padre-obc;"{""type"": ""obcDownload"", ""fileName"": ""file40.dat_"", ""offset"": 0,""volId"":0}";;150;
Download file41.idx_;padre-file-manager-commands;padre-obc;"{""type"": ""obcDownload"", ""fileName"": ""file41.idx_"", ""offset"": 0,""volId"":0}";;150;
Download file42.dat_;padre-file-manager-commands;padre-obc;"{""type"": ""obcDownload"", ""fileName"": ""file42.dat_"", ""offset"": 0,""volId"":0}";;150;
Download file43.idx_;padre-file-manager-commands;padre-obc;"{""type"": ""obcDownload"", ""fileName"": ""file43.idx_"", ""offset"": 0,""volId"":0}";;150;
Download file44.dat_;padre-file-manager-commands;padre-obc;"{""type"": ""obcDownload"", ""fileName"": ""file44.dat_"", ""offset"": 0,""volId"":0}";;150;
Download file45.idx;padre-file-manager-commands;padre-obc;"{""type"": ""obcDownload"", ""fileName"": ""file45.idx"", ""offset"": 0,""volId"":0}";;150;
Download file46.dat;padre-file-manager-commands;padre-obc;"{""type"": ""obcDownload"", ""fileName"": ""file46.dat"", ""offset"": 0,""volId"":0}";;150;
Download file47.idx;padre-file-manager-commands;padre-obc;"{""type"": ""obcDownload"", ""fileName"": ""file47.idx"", ""offset"": 0,""volId"":0}";;150;
Download file48.dat;padre-file-manager-commands;padre-obc;"{""type"": ""obcDownload"", ""fileName"": ""file48.dat"", ""offset"": 0,""volId"":0}";;150;
Download file49.idx;padre-file-manager-commands;padre-obc;"{""type"": ""obcDownload"", ""fileName"": ""file49.idx"", ""offset"": 0,""volId"":0}";;150;
Download file50.dat;padre-file-manager-commands;padre-obc;"{""type"": ""obcDownload"", ""fileName"": ""file50.dat"", ""offset"": 0,""volId"":0}";;150;
Download file51.idx;padre-file-manager-commands;padre-obc;"{""type"": ""obcDownload"", ""fileName"": ""file51.idx"", ""offset"": 0,""volId"":0}";;150;
Download file52.dat;padre-file-manager-commands;padre-obc;"{""type"": ""obcDownload"", ""fileName"": ""file52.dat"", ""offset"": 0,""volId"":0}";;150;
Download file53.idx;padre-file-manager-commands;padre-obc;"{""type"": ""obcDownload"", ""fileName"": ""file53.idx"", ""offset"": 0,""volId"":0}";;150;
Download file54.dat;padre-file-manager-commands;padre-obc;"{""type"": ""obcDownload"", ""fileName"": ""file54.dat"", ""offset"": 0,""volId"":0}";;150;
Download file55.idx;padre-file-manager-commands;padre-obc;"{""type"": ""obcDownload"", ""fileName"": ""file55.idx"", ""offset"": 0,""volId"":0}";;150;
Download file56.dat;padre-file-manager-commands;padre-obc;"{""type"": ""obcDownload"", ""fileName"": ""file56.dat"", ""offset"": 0,""volId"":0}";;150;
Download file57.idx;padre-file-manager-commands;padre-obc;"{""type"": ""obcDownload"", ""fileName"": ""file57.idx"", ""offset"": 0,""volId"":0}";;150;
Download file58.dat;padre-file-manager-commands;padre-obc;"{""type"": ""obcDownload"", ""fileName"": ""file58.dat"", ""offset"": 0,""volId"":0}";;150;
Download file59.idx;padre-file-manager-commands;padre-obc;"{""type"": ""obcDownload"", ""fileName"": ""file59.idx"", ""offset"": 0,""volId"":0}";;150;
Download file60.dat;padre-file-manager-commands;padre-obc;"{""type"": ""obcDownload"", ""fileName"": ""file60.dat"", ""offset"": 0,""volId"":0}";;150;
Download file61.idx;padre-file-manager-commands;padre-obc;"{""type"": ""obcDownload"", ""fileName"": ""file61.idx"", ""offset"": 0,""volId"":0}";;150;
Download file62.dat;padre-file-manager-commands;padre-obc;"{""type"": ""obcDownload"", ""fileName"": ""file62.dat"", ""offset"": 0,""volId"":0}";;150;
Download file63.idx;padre-file-manager-commands;padre-obc;"{""type"": ""obcDownload"", ""fileName"": ""file63.idx"", ""offset"": 0,""volId"":0}";;150;
Download file64.dat;padre-file-manager-commands;padre-obc;"{""type"": ""obcDownload"", ""fileName"": ""file64.dat"", ""offset"": 0,""volId"":0}";;150;
Download file65.idx;padre-file-manager-commands;padre-obc;"{""type"": ""obcDownload"", ""fileName"": ""file65.idx"", ""offset"": 0,""volId"":0}";;150;
Download file66.dat;padre-file-manager-commands;padre-obc;"{""type"": ""obcDownload"", ""fileName"": ""file66.dat"", ""offset"": 0,""volId"":0}";;150;
Download file67.idx;padre-file-manager-commands;padre-obc;"{""type"": ""obcDownload"", ""fileName"": ""file67.idx"", ""offset"": 0,""volId"":0}";;150;
Download file68.dat;padre-file-manager-commands;padre-obc;"{""type"": ""obcDownload"", ""fileName"": ""file68.dat"", ""offset"": 0,""volId"":0}";;150;
Download file69.idx;padre-file-manager-commands;padre-obc;"{""type"": ""obcDownload"", ""fileName"": ""file69.idx"", ""offset"": 0,""volId"":0}";;150;
Download file70.dat;padre-file-manager-commands;padre-obc;"{""type"": ""obcDownload"", ""fileName"": ""file70.dat"", ""offset"": 0,""volId"":0}";;150;
Download file71.idx;padre-file-manager-commands;padre-obc;"{""type"": ""obcDownload"", ""fileName"": ""file71.idx"", ""offset"": 0,""volId"":0}";;150;
Download file72.dat;padre-file-manager-commands;padre-obc;"{""type"": ""obcDownload"", ""fileName"": ""file72.dat"", ""offset"": 0,""volId"":0}";;150;
Download file73.idx;padre-file-manager-commands;padre-obc;"{""type"": ""obcDownload"", ""fileName"": ""file73.idx"", ""offset"": 0,""volId"":0}";;150;
Download file74.dat;padre-file-manager-commands;padre-obc;"{""type"": ""obcDownload"", ""fileName"": ""file74.dat"", ""offset"": 0,""volId"":0}";;150;
Download file75.idx;padre-file-manager-commands;padre-obc;"{""type"": ""obcDownload"", ""fileName"": ""file75.idx"", ""offset"": 0,""volId"":0}";;150;
Download file76.dat;padre-file-manager-commands;padre-obc;"{""type"": ""obcDownload"", ""fileName"": ""file76.dat"", ""offset"": 0,""volId"":0}";;150;
Download file77.idx;padre-file-manager-commands;padre-obc;"{""type"": ""obcDownload"", ""fileName"": ""file77.idx"", ""offset"": 0,""volId"":0}";;150;
Download file78.dat;padre-file-manager-commands;padre-obc;"{""type"": ""obcDownload"", ""fileName"": ""file78.dat"", ""offset"": 0,""volId"":0}";;150;
Download file79.idx;padre-file-manager-commands;padre-obc;"{""type"": ""obcDownload"", ""fileName"": ""file79.idx"", ""offset"": 0,""volId"":0}";;150;
Download file80.dat;padre-file-manager-commands;padre-obc;"{""type"": ""obcDownload"", ""fileName"": ""file80.dat"", ""offset"": 0,""volId"":0}";;150;
Download file81.idx;padre-file-manager-commands;padre-obc;"{""type"": ""obcDownload"", ""fileName"": ""file81.idx"", ""offset"": 0,""volId"":0}";;150;
Download file82.dat;padre-file-manager-commands;padre-obc;"{""type"": ""obcDownload"", ""fileName"": ""file82.dat"", ""offset"": 0,""volId"":0}";;150;
Download file83.idx;padre-file-manager-commands;padre-obc;"{""type"": ""obcDownload"", ""fileName"": ""file83.idx"", ""offset"": 0,""volId"":0}";;150;
Download file84.dat;padre-file-manager-commands;padre-obc;"{""type"": ""obcDownload"", ""fileName"": ""file84.dat"", ""offset"": 0,""volId"":0}";;150;
Download file85.idx;padre-file-manager-commands;padre-obc;"{""type"": ""obcDownload"", ""fileName"": ""file85.idx"", ""offset"": 0,""volId"":0}";;150;
Download file86.dat;padre-file-manager-commands;padre-obc;"{""type"": ""obcDownload"", ""fileName"": ""file86.dat"", ""offset"": 0,""volId"":0}";;150;
Download file87.idx;padre-file-manager-commands;padre-obc;"{""type"": ""obcDownload"", ""fileName"": ""file87.idx"", ""offset"": 0,""volId"":0}";;150;
Download file88.dat;padre-file-manager-commands;padre-obc;"{""type"": ""obcDownload"", ""fileName"": ""file88.dat"", ""offset"": 0,""volId"":0}";;150;
Download file89.idx;padre-file-manager-commands;padre-obc;"{""type"": ""obcDownload"", ""fileName"": ""file89.idx"", ""offset"": 0,""volId"":0}";;150;
Download file90.dat;padre-file-manager-commands;padre-obc;"{""type"": ""obcDownload"", ""fileName"": ""file90.dat"", ""offset"": 0,""volId"":0}";;150;
Download file91.idx;padre-file-manager-commands;padre-obc;"{""type"": ""obcDownload"", ""fileName"": ""file91.idx"", ""offset"": 0,""volId"":0}";;150;
Download file92.dat;padre-file-manager-commands;padre-obc;"{""type"": ""obcDownload"", ""fileName"": ""file92.dat"", ""offset"": 0,""volId"":0}";;150;
Download file93.idx;padre-file-manager-commands;padre-obc;"{""type"": ""obcDownload"", ""fileName"": ""file93.idx"", ""offset"": 0,""volId"":0}";;150;
Download file94.dat;padre-file-manager-commands;padre-obc;"{""type"": ""obcDownload"", ""fileName"": ""file94.dat"", ""offset"": 0,""volId"":0}";;150;
Download file95.idx;padre-file-manager-commands;padre-obc;"{""type"": ""obcDownload"", ""fileName"": ""file95.idx"", ""offset"": 0,""volId"":0}";;150;
Download file96.dat;padre-file-manager-commands;padre-obc;"{""type"": ""obcDownload"", ""fileName"": ""file96.dat"", ""offset"": 0,""volId"":0}";;150;
Download file97.idx;padre-file-manager-commands;padre-obc;"{""type"": ""obcDownload"", ""fileName"": ""file97.idx"", ""offset"": 0,""volId"":0}";;150;
Download file98.dat;padre-file-manager-commands;padre-obc;"{""type"": ""obcDownload"", ""fileName"": ""file98.dat"", ""offset"": 0,""volId"":0}";;150;
Download file99.idx;padre-file-manager-commands;padre-obc;"{""type"": ""obcDownload"", ""fileName"": ""file99.idx"", ""offset"": 0,""volId"":0}";;150;
Download file100.dat;padre-file-manager-commands;padre-obc;"{""type"": ""obcDownload"", ""fileName"": ""file100.dat"", ""offset"": 0,""volId"":0}";;150;
Download file101.idx;padre-file-manager-commands;padre-obc;"{""type"": ""obcDownload"", ""fileName"": ""file101.idx"", ""offset"": 0,""volId"":0}";;150;
Download file102.dat;padre-file-manager-commands;padre-obc;"{""type"": ""obcDownload"", ""fileName"": ""file102.dat"", ""offset"": 0,""volId"":0}";;150;
Download file103.idx;padre-file-manager-commands;padre-obc;"{""type"": ""obcDownload"", ""fileName"": ""file103.idx"", ""offset"": 0,""volId"":0}";;150;
Download file104.dat;padre-file-manager-commands;padre-obc;"{""type"": ""obcDownload"", ""fileName"": ""file104.dat"", ""offset"": 0,""volId"":0}";;150;
Download file105.idx;padre-file-manager-commands;padre-obc;"{""type"": ""obcDownload"", ""fileName"": ""file105.idx"", ""offset"": 0,""volId"":0}";;150;
Download file106.dat;padre-file-manager-commands;padre-obc;"{""type"": ""obcDownload"", ""fileName"": ""file106.dat"", ""offset"": 0,""volId"":0}";;150;
Download file107.idx;padre-file-manager-commands;padre-obc;"{""type"": ""obcDownload"", ""fileName"": ""file107.idx"", ""offset"": 0,""volId"":0}";;150;
Download file108.dat;padre-file-manager-commands;padre-obc;"{""type"": ""obcDownload"", ""fileName"": ""file108.dat"", ""offset"": 0,""volId"":0}";;150;
Download file109.idx;padre-file-manager-commands;padre-obc;"{""type"": ""obcDownload"", ""fileName"": ""file109.idx"", ""offset"": 0,""volId"":0}";;150;
Download file110.dat;padre-file-manager-commands;padre-obc;"{""type"": ""obcDownload"", ""fileName"": ""file110.dat"", ""offset"": 0,""volId"":0}";;150;
Download file111.idx;padre-file-manager-commands;padre-obc;"{""type"": ""obcDownload"", ""fileName"": ""file111.idx"", ""offset"": 0,""volId"":0}";;150;
Download file112.dat;padre-file-manager-commands;padre-obc;"{""type"": ""obcDownload"", ""fileName"": ""file112.dat"", ""offset"": 0,""volId"":0}";;150;
Download file113.idx;padre-file-manager-commands;padre-obc;"{""type"": ""obcDownload"", ""fileName"": ""file113.idx"", ""offset"": 0,""volId"":0}";;150;
Download file114.dat;padre-file-manager-commands;padre-obc;"{""type"": ""obcDownload"", ""fileName"": ""file114.dat"", ""offset"": 0,""volId"":0}";;150;
Download file115.idx;padre-file-manager-commands;padre-obc;"{""type"": ""obcDownload"", ""fileName"": ""file115.idx"", ""offset"": 0,""volId"":0}";;150;
Download file116.dat;padre-file-manager-commands;padre-obc;"{""type"": ""obcDownload"", ""fileName"": ""file116.dat"", ""offset"": 0,""volId"":0}";;150;
Download file117.idx;padre-file-manager-commands;padre-obc;"{""type"": ""obcDownload"", ""fileName"": ""file117.idx"", ""offset"": 0,""volId"":0}";;150;
Download file118.dat_;padre-file-manager-commands;padre-obc;"{""type"": ""obcDownload"", ""fileName"": ""file118.dat_"", ""offset"": 0,""volId"":0}";;150;
Download file119.idx;padre-file-manager-commands;padre-obc;"{""type"": ""obcDownload"", ""fileName"": ""file119.idx"", ""offset"": 0,""volId"":0}";;150;
Download file120.dat;padre-file-manager-commands;padre-obc;"{""type"": ""obcDownload"", ""fileName"": ""file120.dat"", ""offset"": 0,""volId"":0}";;150;
Download file121.idx;padre-file-manager-commands;padre-obc;"{""type"": ""obcDownload"", ""fileName"": ""file121.idx"", ""offset"": 0,""volId"":0}";;150;
Download file122.dat;padre-file-manager-commands;padre-obc;"{""type"": ""obcDownload"", ""fileName"": ""file122.dat"", ""offset"": 0,""volId"":0}";;150;
Download file123.idx;padre-file-manager-commands;padre-obc;"{""type"": ""obcDownload"", ""fileName"": ""file123.idx"", ""offset"": 0,""volId"":0}";;150;
Download file124.dat;padre-file-manager-commands;padre-obc;"{""type"": ""obcDownload"", ""fileName"": ""file124.dat"", ""offset"": 0,""volId"":0}";;150;
Download file125.idx;padre-file-manager-commands;padre-obc;"{""type"": ""obcDownload"", ""fileName"": ""file125.idx"", ""offset"": 0,""volId"":0}";;150;
Download file126.idx_;padre-file-manager-commands;padre-obc;"{""type"": ""obcDownload"", ""fileName"": ""file126.idx_"", ""offset"": 0,""volId"":0}";;150;
Download file127.idx;padre-file-manager-commands;padre-obc;"{""type"": ""obcDownload"", ""fileName"": ""file127.idx"", ""offset"": 0,""volId"":0}";;150;
Download file128.dat;padre-file-manager-commands;padre-obc;"{""type"": ""obcDownload"", ""fileName"": ""file128.dat"", ""offset"": 0,""volId"":0}";;150;
Download file129.idx;padre-file-manager-commands;padre-obc;"{""type"": ""obcDownload"", ""fileName"": ""file129.idx"", ""offset"": 0,""volId"":0}";;150;
Download file130.dat;padre-file-manager-commands;padre-obc;"{""type"": ""obcDownload"", ""fileName"": ""file130.dat"", ""offset"": 0,""volId"":0}";;150;
Download file131.idx;padre-file-manager-commands;padre-obc;"{""type"": ""obcDownload"", ""fileName"": ""file131.idx"", ""offset"": 0,""volId"":0}";;150;
Download file132.dat;padre-file-manager-commands;padre-obc;"{""type"": ""obcDownload"", ""fileName"": ""file132.dat"", ""offset"": 0,""volId"":0}";;150;
Download file133.idx;padre-file-manager-commands;padre-obc;"{""type"": ""obcDownload"", ""fileName"": ""file133.idx"", ""offset"": 0,""volId"":0}";;150;
Download file134.dat;padre-file-manager-commands;padre-obc;"{""type"": ""obcDownload"", ""fileName"": ""file134.dat"", ""offset"": 0,""volId"":0}";;150;
Download file135.idx;padre-file-manager-commands;padre-obc;"{""type"": ""obcDownload"", ""fileName"": ""file135.idx"", ""offset"": 0,""volId"":0}";;150;
Download file136.dat;padre-file-manager-commands;padre-obc;"{""type"": ""obcDownload"", ""fileName"": ""file136.dat"", ""offset"": 0,""volId"":0}";;150;
Download file137.idx;padre-file-manager-commands;padre-obc;"{""type"": ""obcDownload"", ""fileName"": ""file137.idx"", ""offset"": 0,""volId"":0}";;150;
Download file138.idx_;padre-file-manager-commands;padre-obc;"{""type"": ""obcDownload"", ""fileName"": ""file138.idx_"", ""offset"": 0,""volId"":0}";;150;
Download file139.idx;padre-file-manager-commands;padre-obc;"{""type"": ""obcDownload"", ""fileName"": ""file139.idx"", ""offset"": 0,""volId"":0}";;150;
Download file140.dat_;padre-file-manager-commands;padre-obc;"{""type"": ""obcDownload"", ""fileName"": ""file140.dat_"", ""offset"": 0,""volId"":0}";;150;
Download file141.idx;padre-file-manager-commands;padre-obc;"{""type"": ""obcDownload"", ""fileName"": ""file141.idx"", ""offset"": 0,""volId"":0}";;150;
Download file142.dat_;padre-file-manager-commands;padre-obc;"{""type"": ""obcDownload"", ""fileName"": ""file142.dat_"", ""offset"": 0,""volId"":0}";;150;
