Rename;padre-padre-filemanager-fidl;padre-obc;"{""oldPath"": ""PADREMDA0_250407030012.DAT"", ""newPath"": ""file0.dat""}";;100;
Rename;padre-padre-filemanager-fidl;padre-obc;"{""oldPath"": ""PADREMDA0_250407030012.IDX"", ""newPath"": ""file1.idx""}";;100;
Rename;padre-padre-filemanager-fidl;padre-obc;"{""oldPath"": ""PADREMDA2_250407030021.DAT"", ""newPath"": ""file2.dat""}";;100;
Rename;padre-padre-filemanager-fidl;padre-obc;"{""oldPath"": ""PADREMDA0_250407032806.IDX_"", ""newPath"": ""file3.idx_""}";;100;
Rename;padre-padre-filemanager-fidl;padre-obc;"{""oldPath"": ""PADRESP16_250407030941.DAT"", ""newPath"": ""file4.dat""}";;100;
Rename;padre-padre-filemanager-fidl;padre-obc;"{""oldPath"": ""PADRESP16_250407051516.DAT"", ""newPath"": ""file5.dat""}";;100;
Rename;padre-padre-filemanager-fidl;padre-obc;"{""oldPath"": ""PADREMDA2_250407055040.IDX"", ""newPath"": ""file6.idx""}";;100;
Rename;padre-padre-filemanager-fidl;padre-obc;"{""oldPath"": ""PADRESP15_250407030947.IDX_"", ""newPath"": ""file7.idx_""}";;100;
Rename;padre-padre-filemanager-fidl;padre-obc;"{""oldPath"": ""PADRESP15_250407030947.DAT_"", ""newPath"": ""file8.dat_""}";;100;
Rename;padre-padre-filemanager-fidl;padre-obc;"{""oldPath"": ""PADREMDA0_250407032806.DAT_"", ""newPath"": ""file9.dat_""}";;100;
Rename;padre-padre-filemanager-fidl;padre-obc;"{""oldPath"": ""PADREMDA2_250407032815.DAT"", ""newPath"": ""file10.dat""}";;100;
Rename;padre-padre-filemanager-fidl;padre-obc;"{""oldPath"": ""PADREMDA2_250407040207.DAT"", ""newPath"": ""file11.dat""}";;100;
Rename;padre-padre-filemanager-fidl;padre-obc;"{""oldPath"": ""PADRESP13_250407033325.IDX_"", ""newPath"": ""file12.idx_""}";;100;
Rename;padre-padre-filemanager-fidl;padre-obc;"{""oldPath"": ""PADRESP13_250407033325.DAT_"", ""newPath"": ""file13.dat_""}";;100;
Rename;padre-padre-filemanager-fidl;padre-obc;"{""oldPath"": ""PADRESP14_250407033327.DAT_"", ""newPath"": ""file14.dat_""}";;100;
Rename;padre-padre-filemanager-fidl;padre-obc;"{""oldPath"": ""PADREMDA2_250407032815.IDX"", ""newPath"": ""file15.idx""}";;100;
Rename;padre-padre-filemanager-fidl;padre-obc;"{""oldPath"": ""PADREMDA2_250407043930.DAT"", ""newPath"": ""file16.dat""}";;100;
Rename;padre-padre-filemanager-fidl;padre-obc;"{""oldPath"": ""PADREMDA2_250407040207.IDX"", ""newPath"": ""file17.idx""}";;100;
Rename;padre-padre-filemanager-fidl;padre-obc;"{""oldPath"": ""PADREMDA2_250407051554.DAT"", ""newPath"": ""file18.dat""}";;100;
Rename;padre-padre-filemanager-fidl;padre-obc;"{""oldPath"": ""PADRESP16_250407030941.IDX"", ""newPath"": ""file19.idx""}";;100;
Rename;padre-padre-filemanager-fidl;padre-obc;"{""oldPath"": ""PADRESP16_250407055848.IDX_"", ""newPath"": ""file20.idx_""}";;100;
Rename;padre-padre-filemanager-fidl;padre-obc;"{""oldPath"": ""PADREMDA2_250407043930.IDX"", ""newPath"": ""file21.idx""}";;100;
Rename;padre-padre-filemanager-fidl;padre-obc;"{""oldPath"": ""PADREMDA2_250407055040.DAT"", ""newPath"": ""file22.dat""}";;100;
Rename;padre-padre-filemanager-fidl;padre-obc;"{""oldPath"": ""PADREMDA2_250407051554.IDX"", ""newPath"": ""file23.idx""}";;100;
Rename;padre-padre-filemanager-fidl;padre-obc;"{""oldPath"": ""PADREMDA2_250407062835.DAT"", ""newPath"": ""file24.dat""}";;100;
Rename;padre-padre-filemanager-fidl;padre-obc;"{""oldPath"": ""PADRESP16_250407051516.IDX"", ""newPath"": ""file25.idx""}";;100;
Rename;padre-padre-filemanager-fidl;padre-obc;"{""oldPath"": ""PADRESP16_250407055848.DAT_"", ""newPath"": ""file26.dat_""}";;100;
Rename;padre-padre-filemanager-fidl;padre-obc;"{""oldPath"": ""PADREMDA2_250407062835.IDX"", ""newPath"": ""file27.idx""}";;100;
Rename;padre-padre-filemanager-fidl;padre-obc;"{""oldPath"": ""PADREMDA2_250407070345.DAT_"", ""newPath"": ""file28.dat_""}";;100;
Rename;padre-padre-filemanager-fidl;padre-obc;"{""oldPath"": ""PADREMDA0_250407074536.DAT"", ""newPath"": ""file29.dat""}";;100;
Rename;padre-padre-filemanager-fidl;padre-obc;"{""oldPath"": ""PADREMDA0_250407090325.DAT"", ""newPath"": ""file30.dat""}";;100;
Rename;padre-padre-filemanager-fidl;padre-obc;"{""oldPath"": ""PADREMDA2_250407074546.DAT"", ""newPath"": ""file31.dat""}";;100;
Rename;padre-padre-filemanager-fidl;padre-obc;"{""oldPath"": ""PADREMDA2_250407082056.DAT"", ""newPath"": ""file32.dat""}";;100;
Rename;padre-padre-filemanager-fidl;padre-obc;"{""oldPath"": ""PADRESP16_250407075334.IDX_"", ""newPath"": ""file33.idx_""}";;100;
Rename;padre-padre-filemanager-fidl;padre-obc;"{""oldPath"": ""PADRESP16_250407075334.DAT_"", ""newPath"": ""file34.dat_""}";;100;
Rename;padre-padre-filemanager-fidl;padre-obc;"{""oldPath"": ""PADRESP17_250407075337.IDX_"", ""newPath"": ""file35.idx_""}";;100;
Rename;padre-padre-filemanager-fidl;padre-obc;"{""oldPath"": ""PADRESP17_250407075337.DAT_"", ""newPath"": ""file36.dat_""}";;100;
Rename;padre-padre-filemanager-fidl;padre-obc;"{""oldPath"": ""PADRESP12_250407075341.DAT"", ""newPath"": ""file37.dat""}";;100;
Rename;padre-padre-filemanager-fidl;padre-obc;"{""oldPath"": ""PADRESP12_250407121947.IDX_"", ""newPath"": ""file38.idx_""}";;100;
Rename;padre-padre-filemanager-fidl;padre-obc;"{""oldPath"": ""PADRESP13_250407075345.DAT_"", ""newPath"": ""file39.dat_""}";;100;
Rename;padre-padre-filemanager-fidl;padre-obc;"{""oldPath"": ""PADRESP14_250407075352.DAT_"", ""newPath"": ""file40.dat_""}";;100;
Rename;padre-padre-filemanager-fidl;padre-obc;"{""oldPath"": ""PADRESP15_250407075432.IDX_"", ""newPath"": ""file41.idx_""}";;100;
Rename;padre-padre-filemanager-fidl;padre-obc;"{""oldPath"": ""PADRESP15_250407075432.DAT_"", ""newPath"": ""file42.dat_""}";;100;
Rename;padre-padre-filemanager-fidl;padre-obc;"{""oldPath"": ""PADRESP11_250407075433.IDX_"", ""newPath"": ""file43.idx_""}";;100;
Rename;padre-padre-filemanager-fidl;padre-obc;"{""oldPath"": ""PADRESP11_250407075433.DAT_"", ""newPath"": ""file44.dat_""}";;100;
Rename;padre-padre-filemanager-fidl;padre-obc;"{""oldPath"": ""PADREMDA2_250407074546.IDX"", ""newPath"": ""file45.idx""}";;100;
Rename;padre-padre-filemanager-fidl;padre-obc;"{""oldPath"": ""PADREMDA2_250407085636.DAT"", ""newPath"": ""file46.dat""}";;100;
Rename;padre-padre-filemanager-fidl;padre-obc;"{""oldPath"": ""PADREMDA2_250407082056.IDX"", ""newPath"": ""file47.idx""}";;100;
Rename;padre-padre-filemanager-fidl;padre-obc;"{""oldPath"": ""PADREMDA2_250407093406.DAT"", ""newPath"": ""file48.dat""}";;100;
Rename;padre-padre-filemanager-fidl;padre-obc;"{""oldPath"": ""PADREMDA0_250407074536.IDX"", ""newPath"": ""file49.idx""}";;100;
Rename;padre-padre-filemanager-fidl;padre-obc;"{""oldPath"": ""PADREMDA0_250407091334.DAT"", ""newPath"": ""file50.dat""}";;100;
Rename;padre-padre-filemanager-fidl;padre-obc;"{""oldPath"": ""PADREMDA0_250407090325.IDX"", ""newPath"": ""file51.idx""}";;100;
Rename;padre-padre-filemanager-fidl;padre-obc;"{""oldPath"": ""PADREMDA0_250407092035.DAT"", ""newPath"": ""file52.dat""}";;100;
Rename;padre-padre-filemanager-fidl;padre-obc;"{""oldPath"": ""PADREMDA0_250407091334.IDX"", ""newPath"": ""file53.idx""}";;100;
Rename;padre-padre-filemanager-fidl;padre-obc;"{""oldPath"": ""PADREMDA0_250407092725.DAT"", ""newPath"": ""file54.dat""}";;100;
Rename;padre-padre-filemanager-fidl;padre-obc;"{""oldPath"": ""PADREMDA0_250407092035.IDX"", ""newPath"": ""file55.idx""}";;100;
Rename;padre-padre-filemanager-fidl;padre-obc;"{""oldPath"": ""PADREMDA0_250407093412.DAT"", ""newPath"": ""file56.dat""}";;100;
Rename;padre-padre-filemanager-fidl;padre-obc;"{""oldPath"": ""PADREMDA2_250407085636.IDX"", ""newPath"": ""file57.idx""}";;100;
Rename;padre-padre-filemanager-fidl;padre-obc;"{""oldPath"": ""PADREMDA2_250407101207.DAT"", ""newPath"": ""file58.dat""}";;100;
Rename;padre-padre-filemanager-fidl;padre-obc;"{""oldPath"": ""PADREMDA0_250407092725.IDX"", ""newPath"": ""file59.idx""}";;100;
Rename;padre-padre-filemanager-fidl;padre-obc;"{""oldPath"": ""PADREMDA0_250407094111.DAT"", ""newPath"": ""file60.dat""}";;100;
Rename;padre-padre-filemanager-fidl;padre-obc;"{""oldPath"": ""PADREMDA0_250407093412.IDX"", ""newPath"": ""file61.idx""}";;100;
Rename;padre-padre-filemanager-fidl;padre-obc;"{""oldPath"": ""PADREMDA0_250407094815.DAT"", ""newPath"": ""file62.dat""}";;100;
Rename;padre-padre-filemanager-fidl;padre-obc;"{""oldPath"": ""PADREMDA0_250407094111.IDX"", ""newPath"": ""file63.idx""}";;100;
Rename;padre-padre-filemanager-fidl;padre-obc;"{""oldPath"": ""PADREMDA0_250407095503.DAT"", ""newPath"": ""file64.dat""}";;100;
Rename;padre-padre-filemanager-fidl;padre-obc;"{""oldPath"": ""PADREMDA0_250407094815.IDX"", ""newPath"": ""file65.idx""}";;100;
Rename;padre-padre-filemanager-fidl;padre-obc;"{""oldPath"": ""PADREMDA0_250407100200.DAT"", ""newPath"": ""file66.dat""}";;100;
Rename;padre-padre-filemanager-fidl;padre-obc;"{""oldPath"": ""PADREMDA0_250407095503.IDX"", ""newPath"": ""file67.idx""}";;100;
Rename;padre-padre-filemanager-fidl;padre-obc;"{""oldPath"": ""PADREMDA0_250407100841.DAT"", ""newPath"": ""file68.dat""}";;100;
Rename;padre-padre-filemanager-fidl;padre-obc;"{""oldPath"": ""PADREMDA0_250407100200.IDX"", ""newPath"": ""file69.idx""}";;100;
Rename;padre-padre-filemanager-fidl;padre-obc;"{""oldPath"": ""PADREMDA0_250407101532.DAT"", ""newPath"": ""file70.dat""}";;100;
Rename;padre-padre-filemanager-fidl;padre-obc;"{""oldPath"": ""PADREMDA2_250407093406.IDX"", ""newPath"": ""file71.idx""}";;100;
Rename;padre-padre-filemanager-fidl;padre-obc;"{""oldPath"": ""PADREMDA2_250407105009.DAT"", ""newPath"": ""file72.dat""}";;100;
Rename;padre-padre-filemanager-fidl;padre-obc;"{""oldPath"": ""PADREMDA0_250407100841.IDX"", ""newPath"": ""file73.idx""}";;100;
Rename;padre-padre-filemanager-fidl;padre-obc;"{""oldPath"": ""PADREMDA0_250407102236.DAT"", ""newPath"": ""file74.dat""}";;100;
Rename;padre-padre-filemanager-fidl;padre-obc;"{""oldPath"": ""PADREMDA0_250407101532.IDX"", ""newPath"": ""file75.idx""}";;100;
Rename;padre-padre-filemanager-fidl;padre-obc;"{""oldPath"": ""PADREMDA0_250407102921.DAT"", ""newPath"": ""file76.dat""}";;100;
Rename;padre-padre-filemanager-fidl;padre-obc;"{""oldPath"": ""PADREMDA0_250407102236.IDX"", ""newPath"": ""file77.idx""}";;100;
Rename;padre-padre-filemanager-fidl;padre-obc;"{""oldPath"": ""PADREMDA0_250407103554.DAT"", ""newPath"": ""file78.dat""}";;100;
Rename;padre-padre-filemanager-fidl;padre-obc;"{""oldPath"": ""PADREMDA0_250407102921.IDX"", ""newPath"": ""file79.idx""}";;100;
Rename;padre-padre-filemanager-fidl;padre-obc;"{""oldPath"": ""PADREMDA0_250407104241.DAT"", ""newPath"": ""file80.dat""}";;100;
Rename;padre-padre-filemanager-fidl;padre-obc;"{""oldPath"": ""PADREMDA0_250407103554.IDX"", ""newPath"": ""file81.idx""}";;100;
Rename;padre-padre-filemanager-fidl;padre-obc;"{""oldPath"": ""PADREMDA0_250407104934.DAT"", ""newPath"": ""file82.dat""}";;100;
Rename;padre-padre-filemanager-fidl;padre-obc;"{""oldPath"": ""PADREMDA0_250407104241.IDX"", ""newPath"": ""file83.idx""}";;100;
Rename;padre-padre-filemanager-fidl;padre-obc;"{""oldPath"": ""PADREMDA0_250407105616.DAT"", ""newPath"": ""file84.dat""}";;100;
Rename;padre-padre-filemanager-fidl;padre-obc;"{""oldPath"": ""PADREMDA2_250407101207.IDX"", ""newPath"": ""file85.idx""}";;100;
Rename;padre-padre-filemanager-fidl;padre-obc;"{""oldPath"": ""PADREMDA2_250407112831.DAT"", ""newPath"": ""file86.dat""}";;100;
Rename;padre-padre-filemanager-fidl;padre-obc;"{""oldPath"": ""PADREMDA0_250407104934.IDX"", ""newPath"": ""file87.idx""}";;100;
Rename;padre-padre-filemanager-fidl;padre-obc;"{""oldPath"": ""PADREMDA0_250407110301.DAT"", ""newPath"": ""file88.dat""}";;100;
Rename;padre-padre-filemanager-fidl;padre-obc;"{""oldPath"": ""PADREMDA0_250407105616.IDX"", ""newPath"": ""file89.idx""}";;100;
Rename;padre-padre-filemanager-fidl;padre-obc;"{""oldPath"": ""PADREMDA0_250407111002.DAT"", ""newPath"": ""file90.dat""}";;100;
Rename;padre-padre-filemanager-fidl;padre-obc;"{""oldPath"": ""PADREMDA0_250407110301.IDX"", ""newPath"": ""file91.idx""}";;100;
Rename;padre-padre-filemanager-fidl;padre-obc;"{""oldPath"": ""PADREMDA0_250407111701.DAT"", ""newPath"": ""file92.dat""}";;100;
Rename;padre-padre-filemanager-fidl;padre-obc;"{""oldPath"": ""PADREMDA0_250407111002.IDX"", ""newPath"": ""file93.idx""}";;100;
Rename;padre-padre-filemanager-fidl;padre-obc;"{""oldPath"": ""PADREMDA0_250407112347.DAT"", ""newPath"": ""file94.dat""}";;100;
Rename;padre-padre-filemanager-fidl;padre-obc;"{""oldPath"": ""PADREMDA0_250407111701.IDX"", ""newPath"": ""file95.idx""}";;100;
Rename;padre-padre-filemanager-fidl;padre-obc;"{""oldPath"": ""PADREMDA0_250407113032.DAT"", ""newPath"": ""file96.dat""}";;100;
Rename;padre-padre-filemanager-fidl;padre-obc;"{""oldPath"": ""PADREMDA2_250407105009.IDX"", ""newPath"": ""file97.idx""}";;100;
Rename;padre-padre-filemanager-fidl;padre-obc;"{""oldPath"": ""PADREMDA2_250407120648.DAT"", ""newPath"": ""file98.dat""}";;100;
Rename;padre-padre-filemanager-fidl;padre-obc;"{""oldPath"": ""PADREMDA0_250407112347.IDX"", ""newPath"": ""file99.idx""}";;100;
Rename;padre-padre-filemanager-fidl;padre-obc;"{""oldPath"": ""PADREMDA0_250407113723.DAT"", ""newPath"": ""file100.dat""}";;100;
Rename;padre-padre-filemanager-fidl;padre-obc;"{""oldPath"": ""PADREMDA0_250407113032.IDX"", ""newPath"": ""file101.idx""}";;100;
Rename;padre-padre-filemanager-fidl;padre-obc;"{""oldPath"": ""PADREMDA0_250407114413.DAT"", ""newPath"": ""file102.dat""}";;100;
Rename;padre-padre-filemanager-fidl;padre-obc;"{""oldPath"": ""PADREMDA0_250407113723.IDX"", ""newPath"": ""file103.idx""}";;100;
Rename;padre-padre-filemanager-fidl;padre-obc;"{""oldPath"": ""PADREMDA0_250407115105.DAT"", ""newPath"": ""file104.dat""}";;100;
Rename;padre-padre-filemanager-fidl;padre-obc;"{""oldPath"": ""PADREMDA0_250407114413.IDX"", ""newPath"": ""file105.idx""}";;100;
Rename;padre-padre-filemanager-fidl;padre-obc;"{""oldPath"": ""PADREMDA0_250407115711.DAT"", ""newPath"": ""file106.dat""}";;100;
Rename;padre-padre-filemanager-fidl;padre-obc;"{""oldPath"": ""PADREMDA0_250407115105.IDX"", ""newPath"": ""file107.idx""}";;100;
Rename;padre-padre-filemanager-fidl;padre-obc;"{""oldPath"": ""PADREMDA0_250407120403.DAT"", ""newPath"": ""file108.dat""}";;100;
Rename;padre-padre-filemanager-fidl;padre-obc;"{""oldPath"": ""PADREMDA0_250407115711.IDX"", ""newPath"": ""file109.idx""}";;100;
Rename;padre-padre-filemanager-fidl;padre-obc;"{""oldPath"": ""PADREMDA0_250407121054.DAT"", ""newPath"": ""file110.dat""}";;100;
Rename;padre-padre-filemanager-fidl;padre-obc;"{""oldPath"": ""PADREMDA2_250407112831.IDX"", ""newPath"": ""file111.idx""}";;100;
Rename;padre-padre-filemanager-fidl;padre-obc;"{""oldPath"": ""PADREMDA2_250407124216.DAT"", ""newPath"": ""file112.dat""}";;100;
Rename;padre-padre-filemanager-fidl;padre-obc;"{""oldPath"": ""PADREMDA0_250407120403.IDX"", ""newPath"": ""file113.idx""}";;100;
Rename;padre-padre-filemanager-fidl;padre-obc;"{""oldPath"": ""PADREMDA0_250407121729.DAT"", ""newPath"": ""file114.dat""}";;100;
Rename;padre-padre-filemanager-fidl;padre-obc;"{""oldPath"": ""PADREMDA0_250407121054.IDX"", ""newPath"": ""file115.idx""}";;100;
Rename;padre-padre-filemanager-fidl;padre-obc;"{""oldPath"": ""PADREMDA0_250407122351.DAT"", ""newPath"": ""file116.dat""}";;100;
Rename;padre-padre-filemanager-fidl;padre-obc;"{""oldPath"": ""PADRESP12_250407075341.IDX"", ""newPath"": ""file117.idx""}";;100;
Rename;padre-padre-filemanager-fidl;padre-obc;"{""oldPath"": ""PADRESP12_250407121947.DAT_"", ""newPath"": ""file118.dat_""}";;100;
Rename;padre-padre-filemanager-fidl;padre-obc;"{""oldPath"": ""PADREMDA0_250407121729.IDX"", ""newPath"": ""file119.idx""}";;100;
Rename;padre-padre-filemanager-fidl;padre-obc;"{""oldPath"": ""PADREMDA0_250407123019.DAT"", ""newPath"": ""file120.dat""}";;100;
Rename;padre-padre-filemanager-fidl;padre-obc;"{""oldPath"": ""PADREMDA0_250407122351.IDX"", ""newPath"": ""file121.idx""}";;100;
Rename;padre-padre-filemanager-fidl;padre-obc;"{""oldPath"": ""PADREMDA0_250407123649.DAT"", ""newPath"": ""file122.dat""}";;100;
Rename;padre-padre-filemanager-fidl;padre-obc;"{""oldPath"": ""PADREMDA0_250407123019.IDX"", ""newPath"": ""file123.idx""}";;100;
Rename;padre-padre-filemanager-fidl;padre-obc;"{""oldPath"": ""PADREMDA0_250407124318.DAT"", ""newPath"": ""file124.dat""}";;100;
Rename;padre-padre-filemanager-fidl;padre-obc;"{""oldPath"": ""PADREMDA2_250407120648.IDX"", ""newPath"": ""file125.idx""}";;100;
Rename;padre-padre-filemanager-fidl;padre-obc;"{""oldPath"": ""PADREMDA2_250407131646.IDX_"", ""newPath"": ""file126.idx_""}";;100;
Rename;padre-padre-filemanager-fidl;padre-obc;"{""oldPath"": ""PADREMDA0_250407123649.IDX"", ""newPath"": ""file127.idx""}";;100;
Rename;padre-padre-filemanager-fidl;padre-obc;"{""oldPath"": ""PADREMDA0_250407124933.DAT"", ""newPath"": ""file128.dat""}";;100;
Rename;padre-padre-filemanager-fidl;padre-obc;"{""oldPath"": ""PADREMDA0_250407124318.IDX"", ""newPath"": ""file129.idx""}";;100;
Rename;padre-padre-filemanager-fidl;padre-obc;"{""oldPath"": ""PADREMDA0_250407125603.DAT"", ""newPath"": ""file130.dat""}";;100;
Rename;padre-padre-filemanager-fidl;padre-obc;"{""oldPath"": ""PADREMDA0_250407124933.IDX"", ""newPath"": ""file131.idx""}";;100;
Rename;padre-padre-filemanager-fidl;padre-obc;"{""oldPath"": ""PADREMDA0_250407130238.DAT"", ""newPath"": ""file132.dat""}";;100;
Rename;padre-padre-filemanager-fidl;padre-obc;"{""oldPath"": ""PADREMDA0_250407125603.IDX"", ""newPath"": ""file133.idx""}";;100;
Rename;padre-padre-filemanager-fidl;padre-obc;"{""oldPath"": ""PADREMDA0_250407130847.DAT"", ""newPath"": ""file134.dat""}";;100;
Rename;padre-padre-filemanager-fidl;padre-obc;"{""oldPath"": ""PADREMDA0_250407130238.IDX"", ""newPath"": ""file135.idx""}";;100;
Rename;padre-padre-filemanager-fidl;padre-obc;"{""oldPath"": ""PADREMDA0_250407131438.DAT"", ""newPath"": ""file136.dat""}";;100;
Rename;padre-padre-filemanager-fidl;padre-obc;"{""oldPath"": ""PADREMDA0_250407130847.IDX"", ""newPath"": ""file137.idx""}";;100;
Rename;padre-padre-filemanager-fidl;padre-obc;"{""oldPath"": ""PADREMDA0_250407132058.IDX_"", ""newPath"": ""file138.idx_""}";;100;
Rename;padre-padre-filemanager-fidl;padre-obc;"{""oldPath"": ""PADREMDA2_250407124216.IDX"", ""newPath"": ""file139.idx""}";;100;
Rename;padre-padre-filemanager-fidl;padre-obc;"{""oldPath"": ""PADREMDA2_250407131646.DAT_"", ""newPath"": ""file140.dat_""}";;100;
Rename;padre-padre-filemanager-fidl;padre-obc;"{""oldPath"": ""PADREMDA0_250407131438.IDX"", ""newPath"": ""file141.idx""}";;100;
Rename;padre-padre-filemanager-fidl;padre-obc;"{""oldPath"": ""PADREMDA0_250407132058.DAT_"", ""newPath"": ""file142.dat_""}";;100;
Rename;padre-padre-filemanager-fidl;padre-obc;"{""oldPath"": ""UP_00225.upl"", ""newPath"": ""schedule_03.bin""}";;100;
