Rename;padre-padre-filemanager-fidl;padre-obc;"{""oldPath"": ""file0.idx"", ""newPath"": ""PADRESP10_250429214925.IDX""}";;100;
Rename;padre-padre-filemanager-fidl;padre-obc;"{""oldPath"": ""file1.dat"", ""newPath"": ""PADRESP10_250429214016.DAT""}";;100;
Rename;padre-padre-filemanager-fidl;padre-obc;"{""oldPath"": ""file2.idx"", ""newPath"": ""PADRESP11_250429214017.IDX""}";;100;
Rename;padre-padre-filemanager-fidl;padre-obc;"{""oldPath"": ""file3.dat"", ""newPath"": ""PADRESP11_250429214017.DAT""}";;100;
Rename;padre-padre-filemanager-fidl;padre-obc;"{""oldPath"": ""file4.idx"", ""newPath"": ""PADRESP12_250429214017.IDX""}";;100;
Rename;padre-padre-filemanager-fidl;padre-obc;"{""oldPath"": ""file5.dat"", ""newPath"": ""PADRESP12_250429214017.DAT""}";;100;
Rename;padre-padre-filemanager-fidl;padre-obc;"{""oldPath"": ""file6.idx"", ""newPath"": ""PADRESP13_250429214017.IDX""}";;100;
Rename;padre-padre-filemanager-fidl;padre-obc;"{""oldPath"": ""file7.dat"", ""newPath"": ""PADRESP13_250429214017.DAT""}";;100;
Rename;padre-padre-filemanager-fidl;padre-obc;"{""oldPath"": ""file8.idx"", ""newPath"": ""PADRESP14_250429214017.IDX""}";;100;
Rename;padre-padre-filemanager-fidl;padre-obc;"{""oldPath"": ""file9.dat"", ""newPath"": ""PADRESP14_250429214017.DAT""}";;100;
Rename;padre-padre-filemanager-fidl;padre-obc;"{""oldPath"": ""file10.idx"", ""newPath"": ""PADRESP15_250429214017.IDX""}";;100;
Rename;padre-padre-filemanager-fidl;padre-obc;"{""oldPath"": ""file11.dat"", ""newPath"": ""PADRESP15_250429214017.DAT""}";;100;
Rename;padre-padre-filemanager-fidl;padre-obc;"{""oldPath"": ""file12.idx"", ""newPath"": ""PADRESP16_250429214018.IDX""}";;100;
Rename;padre-padre-filemanager-fidl;padre-obc;"{""oldPath"": ""file13.dat"", ""newPath"": ""PADRESP16_250429214018.DAT""}";;100;
Rename;padre-padre-filemanager-fidl;padre-obc;"{""oldPath"": ""file14.idx"", ""newPath"": ""PADRESP17_250429214018.IDX""}";;100;
Rename;padre-padre-filemanager-fidl;padre-obc;"{""oldPath"": ""file15.dat"", ""newPath"": ""PADRESP17_250429214018.DAT""}";;100;
Rename;padre-padre-filemanager-fidl;padre-obc;"{""oldPath"": ""file16.dat"", ""newPath"": ""PADRESP162_250429214018.DAT""}";;100;
Rename;padre-padre-filemanager-fidl;padre-obc;"{""oldPath"": ""file17.dat"", ""newPath"": ""PADRESP160_250429214018.DAT""}";;100;
Rename;padre-padre-filemanager-fidl;padre-obc;"{""oldPath"": ""file18.dat"", ""newPath"": ""PADRESP10_250429214925.DAT""}";;100;
Rename;padre-padre-filemanager-fidl;padre-obc;"{""oldPath"": ""file19.idx"", ""newPath"": ""PADRESP11_250429214926.IDX""}";;100;
Rename;padre-padre-filemanager-fidl;padre-obc;"{""oldPath"": ""file20.dat"", ""newPath"": ""PADRESP11_250429214926.DAT""}";;100;
Rename;padre-padre-filemanager-fidl;padre-obc;"{""oldPath"": ""file21.idx"", ""newPath"": ""PADRESP12_250429214926.IDX""}";;100;
Rename;padre-padre-filemanager-fidl;padre-obc;"{""oldPath"": ""file22.dat"", ""newPath"": ""PADRESP12_250429214926.DAT""}";;100;
Rename;padre-padre-filemanager-fidl;padre-obc;"{""oldPath"": ""file23.idx"", ""newPath"": ""PADRESP13_250429214926.IDX""}";;100;
Rename;padre-padre-filemanager-fidl;padre-obc;"{""oldPath"": ""file24.dat"", ""newPath"": ""PADRESP13_250429214926.DAT""}";;100;
Rename;padre-padre-filemanager-fidl;padre-obc;"{""oldPath"": ""file25.idx"", ""newPath"": ""PADRESP10_250429214016.IDX""}";;100;
Rename;padre-padre-filemanager-fidl;padre-obc;"{""oldPath"": ""file26.idx"", ""newPath"": ""PADRESP14_250429214926.IDX""}";;100;
Rename;padre-padre-filemanager-fidl;padre-obc;"{""oldPath"": ""file27.dat"", ""newPath"": ""PADRESP14_250429214926.DAT""}";;100;
Rename;padre-padre-filemanager-fidl;padre-obc;"{""oldPath"": ""file28.idx"", ""newPath"": ""PADRESP15_250429214926.IDX""}";;100;
Rename;padre-padre-filemanager-fidl;padre-obc;"{""oldPath"": ""file29.dat"", ""newPath"": ""PADRESP15_250429214926.DAT""}";;100;
Rename;padre-padre-filemanager-fidl;padre-obc;"{""oldPath"": ""file30.idx"", ""newPath"": ""PADRESP16_250429214927.IDX""}";;100;
Rename;padre-padre-filemanager-fidl;padre-obc;"{""oldPath"": ""file31.dat"", ""newPath"": ""PADRESP16_250429214927.DAT""}";;100;
Rename;padre-padre-filemanager-fidl;padre-obc;"{""oldPath"": ""file32.idx"", ""newPath"": ""PADRESP17_250429214927.IDX""}";;100;
Rename;padre-padre-filemanager-fidl;padre-obc;"{""oldPath"": ""file33.dat"", ""newPath"": ""PADRESP17_250429214927.DAT""}";;100;
Rename;padre-padre-filemanager-fidl;padre-obc;"{""oldPath"": ""file34.idx"", ""newPath"": ""PADRESP162_250429214927.IDX""}";;100;
Rename;padre-padre-filemanager-fidl;padre-obc;"{""oldPath"": ""file35.dat"", ""newPath"": ""PADRESP162_250429214927.DAT""}";;100;
Rename;padre-padre-filemanager-fidl;padre-obc;"{""oldPath"": ""file36.dat"", ""newPath"": ""PADRESP10_250429221801.DAT""}";;100;
Rename;padre-padre-filemanager-fidl;padre-obc;"{""oldPath"": ""file37.idx"", ""newPath"": ""PADRESP11_250429221802.IDX""}";;100;
Rename;padre-padre-filemanager-fidl;padre-obc;"{""oldPath"": ""file38.dat"", ""newPath"": ""PADRESP11_250429221802.DAT""}";;100;
Rename;padre-padre-filemanager-fidl;padre-obc;"{""oldPath"": ""file39.idx"", ""newPath"": ""PADRESP12_250429221802.IDX""}";;100;
Rename;padre-padre-filemanager-fidl;padre-obc;"{""oldPath"": ""file40.dat"", ""newPath"": ""PADRESP12_250429221802.DAT""}";;100;
Rename;padre-padre-filemanager-fidl;padre-obc;"{""oldPath"": ""file41.idx"", ""newPath"": ""PADRESP13_250429221802.IDX""}";;100;
Rename;padre-padre-filemanager-fidl;padre-obc;"{""oldPath"": ""file42.dat"", ""newPath"": ""PADRESP13_250429221802.DAT""}";;100;
Rename;padre-padre-filemanager-fidl;padre-obc;"{""oldPath"": ""file43.idx"", ""newPath"": ""PADRESP14_250429221802.IDX""}";;100;
Rename;padre-padre-filemanager-fidl;padre-obc;"{""oldPath"": ""file44.dat"", ""newPath"": ""PADRESP14_250429221802.DAT""}";;100;
Rename;padre-padre-filemanager-fidl;padre-obc;"{""oldPath"": ""file45.idx"", ""newPath"": ""PADRESP15_250429221802.IDX""}";;100;
Rename;padre-padre-filemanager-fidl;padre-obc;"{""oldPath"": ""file46.dat"", ""newPath"": ""PADRESP15_250429221802.DAT""}";;100;
Rename;padre-padre-filemanager-fidl;padre-obc;"{""oldPath"": ""file47.idx"", ""newPath"": ""PADRESP16_250429221803.IDX""}";;100;
Rename;padre-padre-filemanager-fidl;padre-obc;"{""oldPath"": ""file48.dat"", ""newPath"": ""PADRESP16_250429221803.DAT""}";;100;
Rename;padre-padre-filemanager-fidl;padre-obc;"{""oldPath"": ""file49.idx"", ""newPath"": ""PADRESP17_250429221803.IDX""}";;100;
Rename;padre-padre-filemanager-fidl;padre-obc;"{""oldPath"": ""file50.dat"", ""newPath"": ""PADRESP17_250429221803.DAT""}";;100;
Rename;padre-padre-filemanager-fidl;padre-obc;"{""oldPath"": ""file51.idx"", ""newPath"": ""PADRESP162_250429221803.IDX""}";;100;
Rename;padre-padre-filemanager-fidl;padre-obc;"{""oldPath"": ""file52.dat"", ""newPath"": ""PADRESP162_250429221803.DAT""}";;100;
Rename;padre-padre-filemanager-fidl;padre-obc;"{""oldPath"": ""file53.dat"", ""newPath"": ""PADRESP160_250429221803.DAT""}";;100;
Rename;padre-padre-filemanager-fidl;padre-obc;"{""oldPath"": ""file54.idx"", ""newPath"": ""PADRESP20_250429221803.IDX""}";;100;
Rename;padre-padre-filemanager-fidl;padre-obc;"{""oldPath"": ""file55.dat"", ""newPath"": ""PADRESP20_250429221803.DAT""}";;100;
Rename;padre-padre-filemanager-fidl;padre-obc;"{""oldPath"": ""file56.idx"", ""newPath"": ""PADRESP10_250429221801.IDX""}";;100;
Rename;padre-padre-filemanager-fidl;padre-obc;"{""oldPath"": ""file57.dat"", ""newPath"": ""PADRESP14_250429231837.DAT""}";;100;
Rename;padre-padre-filemanager-fidl;padre-obc;"{""oldPath"": ""file58.idx"", ""newPath"": ""PADRESP162_250429231838.IDX""}";;100;
Rename;padre-padre-filemanager-fidl;padre-obc;"{""oldPath"": ""file59.dat"", ""newPath"": ""PADRESP162_250429231838.DAT""}";;100;
Rename;padre-padre-filemanager-fidl;padre-obc;"{""oldPath"": ""file60.dat"", ""newPath"": ""PADRESP160_250429231838.DAT""}";;100;
Rename;padre-padre-filemanager-fidl;padre-obc;"{""oldPath"": ""file61.idx"", ""newPath"": ""PADRESP10_250430012845.IDX""}";;100;
Rename;padre-padre-filemanager-fidl;padre-obc;"{""oldPath"": ""file62.dat"", ""newPath"": ""PADRESP160_250430001017.DAT""}";;100;
Rename;padre-padre-filemanager-fidl;padre-obc;"{""oldPath"": ""file63.idx"", ""newPath"": ""PADRESP14_250430001050.IDX""}";;100;
Rename;padre-padre-filemanager-fidl;padre-obc;"{""oldPath"": ""file64.dat"", ""newPath"": ""PADRESP14_250430001050.DAT""}";;100;
Rename;padre-padre-filemanager-fidl;padre-obc;"{""oldPath"": ""file65.idx"", ""newPath"": ""PADRESP162_250430001051.IDX""}";;100;
Rename;padre-padre-filemanager-fidl;padre-obc;"{""oldPath"": ""file66.dat"", ""newPath"": ""PADRESP162_250430001051.DAT""}";;100;
Rename;padre-padre-filemanager-fidl;padre-obc;"{""oldPath"": ""file67.dat"", ""newPath"": ""PADRESP160_250430001052.DAT""}";;100;
Rename;padre-padre-filemanager-fidl;padre-obc;"{""oldPath"": ""file68.dat"", ""newPath"": ""PADRESP160_250430004504.DAT""}";;100;
Rename;padre-padre-filemanager-fidl;padre-obc;"{""oldPath"": ""file69.dat"", ""newPath"": ""PADRESP160_250430004737.DAT""}";;100;
Rename;padre-padre-filemanager-fidl;padre-obc;"{""oldPath"": ""file70.dat"", ""newPath"": ""PADRESP10_250430004932.DAT""}";;100;
Rename;padre-padre-filemanager-fidl;padre-obc;"{""oldPath"": ""file71.dat"", ""newPath"": ""PADRESP11_250430004932.DAT""}";;100;
Rename;padre-padre-filemanager-fidl;padre-obc;"{""oldPath"": ""file72.idx"", ""newPath"": ""PADRESP12_250430004933.IDX""}";;100;
Rename;padre-padre-filemanager-fidl;padre-obc;"{""oldPath"": ""file73.dat"", ""newPath"": ""PADRESP12_250430004933.DAT""}";;100;
Rename;padre-padre-filemanager-fidl;padre-obc;"{""oldPath"": ""file74.idx"", ""newPath"": ""PADRESP13_250430004933.IDX""}";;100;
Rename;padre-padre-filemanager-fidl;padre-obc;"{""oldPath"": ""file75.dat"", ""newPath"": ""PADRESP13_250430004933.DAT""}";;100;
Rename;padre-padre-filemanager-fidl;padre-obc;"{""oldPath"": ""file76.dat"", ""newPath"": ""PADRESP14_250430004933.DAT""}";;100;
Rename;padre-padre-filemanager-fidl;padre-obc;"{""oldPath"": ""file77.dat"", ""newPath"": ""PADRESP15_250430004933.DAT""}";;100;
Rename;padre-padre-filemanager-fidl;padre-obc;"{""oldPath"": ""file78.idx"", ""newPath"": ""PADRESP16_250430004934.IDX""}";;100;
Rename;padre-padre-filemanager-fidl;padre-obc;"{""oldPath"": ""file79.dat"", ""newPath"": ""PADRESP16_250430004934.DAT""}";;100;
Rename;padre-padre-filemanager-fidl;padre-obc;"{""oldPath"": ""file80.idx"", ""newPath"": ""PADRESP17_250430004934.IDX""}";;100;
Rename;padre-padre-filemanager-fidl;padre-obc;"{""oldPath"": ""file81.dat"", ""newPath"": ""PADRESP17_250430004934.DAT""}";;100;
Rename;padre-padre-filemanager-fidl;padre-obc;"{""oldPath"": ""file82.dat"", ""newPath"": ""PADRESP162_250430004934.DAT""}";;100;
Rename;padre-padre-filemanager-fidl;padre-obc;"{""oldPath"": ""file83.dat"", ""newPath"": ""PADRESP160_250430004934.DAT""}";;100;
Rename;padre-padre-filemanager-fidl;padre-obc;"{""oldPath"": ""file84.dat"", ""newPath"": ""PADRESP10_250430012845.DAT""}";;100;
Rename;padre-padre-filemanager-fidl;padre-obc;"{""oldPath"": ""file85.dat"", ""newPath"": ""PADRESP11_250430012846.DAT""}";;100;
Rename;padre-padre-filemanager-fidl;padre-obc;"{""oldPath"": ""file86.idx"", ""newPath"": ""PADRESP12_250430012846.IDX""}";;100;
Rename;padre-padre-filemanager-fidl;padre-obc;"{""oldPath"": ""file87.idx"", ""newPath"": ""PADRESP10_250430004932.IDX""}";;100;
Rename;padre-padre-filemanager-fidl;padre-obc;"{""oldPath"": ""file88.dat"", ""newPath"": ""PADRESP12_250430012846.DAT""}";;100;
Rename;padre-padre-filemanager-fidl;padre-obc;"{""oldPath"": ""file89.idx"", ""newPath"": ""PADRESP13_250430012846.IDX""}";;100;
Rename;padre-padre-filemanager-fidl;padre-obc;"{""oldPath"": ""file90.dat"", ""newPath"": ""PADRESP13_250430012846.DAT""}";;100;
Rename;padre-padre-filemanager-fidl;padre-obc;"{""oldPath"": ""file91.dat"", ""newPath"": ""PADRESP14_250430012846.DAT""}";;100;
Rename;padre-padre-filemanager-fidl;padre-obc;"{""oldPath"": ""file92.idx"", ""newPath"": ""PADRESP15_250430012847.IDX""}";;100;
Rename;padre-padre-filemanager-fidl;padre-obc;"{""oldPath"": ""file93.dat"", ""newPath"": ""PADRESP15_250430012847.DAT""}";;100;
Rename;padre-padre-filemanager-fidl;padre-obc;"{""oldPath"": ""file94.idx"", ""newPath"": ""PADRESP16_250430012847.IDX""}";;100;
Rename;padre-padre-filemanager-fidl;padre-obc;"{""oldPath"": ""file95.dat"", ""newPath"": ""PADRESP16_250430012847.DAT""}";;100;
Rename;padre-padre-filemanager-fidl;padre-obc;"{""oldPath"": ""file96.idx"", ""newPath"": ""PADRESP17_250430012847.IDX""}";;100;
Rename;padre-padre-filemanager-fidl;padre-obc;"{""oldPath"": ""file97.dat"", ""newPath"": ""PADRESP17_250430012847.DAT""}";;100;
Rename;padre-padre-filemanager-fidl;padre-obc;"{""oldPath"": ""file98.dat"", ""newPath"": ""PADRESP162_250430012848.DAT""}";;100;
Rename;padre-padre-filemanager-fidl;padre-obc;"{""oldPath"": ""file99.dat"", ""newPath"": ""PADRESP160_250430012848.DAT""}";;100;
